id,segment,domain,focus_area,capability,type,description,P1_assisted,P2_independent,P3_proficient,P4_expert,P5_authority,P6_pioneer
SWE-01,Engineering & Technology,Software Engineering,Code & Quality,Writing Code,Technical,"Produces correct, readable, idiomatic code.","Writes working, readable code in the team's language; debugs own changes.","Proficient in the primary language/ecosystem; handles errors, async and concurrency basics correctly.","Code is a reference others learn from; debugs the hard problems (races, memory, nondeterminism).",Mastery across multiple stacks/paradigms; solves problems others can't; sets implementation patterns.,Sets implementation standards adopted across the org; anticipates where code breaks at scale.,Industry-level depth; authors foundational primitives and idioms others build on.
SWE-02,Engineering & Technology,Software Engineering,Code & Quality,Code Quality & Maintainability,Technical,"Keeps code healthy, modular and maintainable.","Writes functional, readable code; uses version control correctly; responds well to review.","Writes clean, documented, modular code; gives useful review feedback.",Designs for maintainability; leads refactors of problem areas; review feedback teaches.,"Expert in code health at scale (shared libraries, deprecations, large migrations).",Shapes org-wide engineering standards for long-lived codebases.,Defines what good engineering looks like company-wide; externally recognized.
SWE-03,Engineering & Technology,Software Engineering,Code & Quality,Testing & Verification,Technical,Designs tests that give real confidence to ship.,Writes unit tests with guidance; tests own changes before merging.,Applies the testing pyramid; everything shipped arrives tested; mocks dependencies sensibly.,"Designs testable systems (contract, property-based, replay from prod); owns a test strategy.","Expert in test strategy at scale (test data, environments, deployment safety).",Sets testing/verification discipline across the org.,Shapes the company-wide quality culture; advances verification practice.
SWE-04,Engineering & Technology,Software Engineering,Code & Quality,Code Comprehension & Review,Technical,"Reads, reasons about and reviews others' code.",Navigates the codebase and understands code shown; reviews small changes.,"Independently understands unfamiliar code; gives timely, specific review feedback.",Quickly grasps complex/legacy systems; reviews raise the bar across a domain.,Expert at reviewing high-risk changes; review standards spread across teams.,Authority on review practice org-wide.,Defines what good review looks like; shapes industry-facing practice.
SWE-05,Engineering & Technology,Software Engineering,Design & Architecture,Software Design & Architecture,Technical,"Structures software — modules, boundaries, interfaces.","Implements designs specified by others; asks why, not just how.","Designs sound components; understands coupling, cohesion, interface design.","Designs systems for evolution: clean seams, versioned interfaces, replaceable parts.",Mastery of architecture for complex systems; sets patterns and prevents drift.,Sets multi-year architecture direction across the org.,Authoritative and externally credible; defines architectural approach others follow.
SWE-06,Engineering & Technology,Software Engineering,Design & Architecture,Debugging & Systems Diagnosis,Technical,Diagnoses defects and anomalies methodically.,Debugs issues in own code with support; uses basic tooling.,Independently diagnoses defects in own area systematically.,"Leads diagnosis of hard, cross-cutting failures; root cause not symptoms.",Expert at the rare/systemic failures; builds tooling that makes them visible.,The person called for the worst failures; sets diagnostic practice org-wide.,Authority on diagnosis; advances the discipline.
SWE-07,Engineering & Technology,Software Engineering,Design & Architecture,API & Service Design,Technical,"Designs clean, durable interfaces between systems.",Understands HTTP/REST and the deploy pipeline; makes guided changes.,"Designs clean APIs; understands rate limits, retries, timeouts, idempotency.",Designs services for scale and cost; understands distributed failure modes.,"Expert in platform/service design (multi-tenancy, capacity, shared services).",Sets interface standards used across the org.,Defines company-wide API approach; trusted with irreversible interface bets.
SWE-08,Engineering & Technology,Software Engineering,Design & Architecture,Type-System Domain Modeling,Technical,Uses a static type system as a design medium — encoding domain rules and invariants in types so invalid states are unrepresentable and whole defect classes are eliminated at compile time.,"Writes correctly typed code without escape hatches (`any`-equivalents), uses the codebase's existing types and generics correctly, and reads compiler errors to the actual cause with guidance.","Models feature domains so invalid states fail to compile — sum types / discriminated unions over boolean flags, narrowing over assertions — preferring type-level constraints where the compiler can carry the load.","Designs the shared domain types a capability is built on, keeping inference ergonomic for consumers; judges when type-level sophistication pays and when it obscures, and unwinds accumulated type erosion in others' code.","Sets type-design conventions multiple teams adopt — strictness policy, shared type libraries, branded identifiers, result types — and leads migrations that raise strictness without halting delivery.","Owns an organization's type-system posture — compiler baselines, monorepo type architecture, upgrade cadence — measured by defect and velocity outcomes.","Makes company-level language and type-platform bets and represents the practice externally (talks, upstream contributions, published patterns)."
SWE-09,Engineering & Technology,Software Engineering,Design & Architecture,Boundary Validation & End-to-End Type Integrity,Technical,"Validates untrusted data into precise types once at every system boundary (network, storage, configuration, third parties) and propagates a single source of type truth across client, server, and wire so contracts cannot silently drift.","Uses the codebase's shared contract types and schema validators at boundaries rather than hand-casting external data, and can point to where a type is checked at runtime.","Puts runtime validation at every I/O boundary they touch — requests, messages, configuration — deriving static types from the runtime schemas so compile-time and runtime cannot drift.","Designs end-to-end type integrity for a capability — schema-first contracts, generated clients, contract drift caught in continuous integration — and blocks unsound casts and unvalidated edges in review.","Builds the code-generation and contract-typing infrastructure multiple teams inherit, making boundary safety the default rather than a discipline, and resolves cross-team type drift at its source.","Sets the organization's boundary-safety standard and the platform tooling that enforces it, with incident evidence showing the failure classes it removed.","Owns contract-integrity strategy across products and external interfaces where a broken contract is a business event, and advances the state of practice publicly."
SWE-10,Engineering & Technology,Software Engineering,Code & Quality,AI-augmented development,Behavioral,"Works effectively with AI coding tools and agents while remaining accountable for the output - calibrating what to delegate and what to hand-write, verifying generated changes with the same rigor as hand-written ones, and setting the review and provenance practices that keep quality intact.","Uses AI coding tools with the output treated as a draft - reads every generated line, tests it, and can explain any part of the diff when asked.","Calibrates when generation helps and when it misleads for the work at hand; catches plausible-but-wrong generated code before review, and their AI-assisted changes pass review at the same rate as hand-written ones.","Sets the norms for AI-assisted work in a domain - what may be delegated to agents, what verification it requires, how provenance is noted in review - and coaches others out of over-trust and under-use.","Defines AI-assisted engineering practice across teams - where agents run in the delivery lifecycle, what gates their output - justified by throughput and defect data rather than vendor claims.","Drives an organization's AI-augmented engineering strategy - tooling selection, workflow redesign, skill expectations - and adjusts policy from measured delivery outcomes.",Shapes how software engineering itself changes with AI at company and industry level; a credible public voice on what changes and what doesn't.
FE-01,Engineering & Technology,Frontend & Client Engineering,UI Construction & Rendering,Component-based UI architecture,Technical,"Composing user interfaces from reusable, encapsulated UI components with clear boundaries and contracts.",Builds simple components from existing patterns; relies on review to validate boundaries and props.,"Composes reusable components independently, handling standard prop, state, and event wiring with normal review.",Designs component hierarchies and clear interfaces autonomously; resolves tricky composition and reuse trade-offs.,Defines the component architecture and conventions teams adopt; untangles deeply coupled or overgrown trees.,Sets organization-wide component design strategy; anticipates how composition models should evolve.,Defines what good component architecture means industrywide; shapes practice through widely adopted patterns.
FE-02,Engineering & Technology,Frontend & Client Engineering,UI Construction & Rendering,Declarative UI rendering & reactivity,Technical,Expressing UI as a function of state and managing efficient re-rendering when data changes.,Binds data to views and updates state for simple cases under review.,"Builds reactive views independently, managing derived state and updates with routine review.",Designs reactive data flows autonomously; debugs subtle re-render and dependency issues.,Defines reactivity patterns others follow; resolves the hardest update and consistency problems.,Sets strategy for declarative rendering models; anticipates where reactivity paradigms head.,Defines industry understanding of reactive UI; pioneers widely emulated rendering approaches.
FE-03,Engineering & Technology,Frontend & Client Engineering,UI Construction & Rendering,Document structure & semantic markup,Technical,"Structuring content with meaningful, well-formed markup that conveys semantics and hierarchy.",Writes valid markup using common semantic elements for simple pages under review.,Structures documents independently with correct semantics for standard content layouts.,"Designs robust semantic structures autonomously; handles complex, dynamic, or nested content.",Defines markup conventions teams adopt; resolves ambiguous structural and semantic edge cases.,Sets organizational standards for semantic document structure; anticipates evolving markup capabilities.,Shapes industry norms for semantic markup; influences standards and widely referenced practice.
FE-04,Engineering & Technology,Frontend & Client Engineering,UI Construction & Rendering,Client-side rendering strategies,Technical,"Choosing among client, server, static, and hybrid rendering approaches to balance speed and interactivity.",Implements basic client rendering for simple views under guidance.,"Applies standard rendering approaches independently, handling routine hydration and load cases.",Chooses and tunes rendering strategies autonomously across varied app and performance needs.,Defines rendering-strategy approaches teams adopt; solves hard hydration and timing problems.,Sets rendering strategy across systems; anticipates shifts in client rendering models.,Defines best practice for rendering strategies industrywide; pioneers influential approaches.
FE-05,Engineering & Technology,Frontend & Client Engineering,State & Data on the Client,Client-side state management,Technical,"Modeling, storing, and synchronizing application and UI state across the client at appropriate scope.",Reads and updates simple shared state following established patterns under review.,Manages component and shared state independently for standard flows with normal review.,Designs state architecture autonomously; resolves complex synchronization and ownership issues.,Defines state-management patterns others adopt; untangles tangled global and derived state.,Sets state-management strategy across the organization; anticipates evolving paradigms.,Defines what good client state management means; shapes industry patterns and practice.
FE-06,Engineering & Technology,Frontend & Client Engineering,State & Data on the Client,Client-side data fetching & caching,Technical,"Retrieving, caching, revalidating, and synchronizing remote data within the client lifecycle.",Fetches and displays data for simple endpoints under review.,Implements fetching with loading and error states independently for standard cases.,Designs fetching and caching strategies autonomously; handles invalidation and race conditions.,Defines fetching and caching patterns teams adopt; solves hard staleness and consistency problems.,Sets strategy for client data access and caching; anticipates evolving data-sync models.,Shapes industry practice for client data fetching and caching; pioneers influential approaches.
FE-07,Engineering & Technology,Frontend & Client Engineering,State & Data on the Client,Client-side routing & navigation,Technical,"Managing in-application navigation, route state, and history without full reloads.",Adds routes and links for simple navigation under guidance.,Implements nested and parameterized routing independently for standard flows.,"Designs routing architecture autonomously; handles guards, lazy loading, and deep linking.",Defines routing patterns others adopt; resolves complex navigation and state-preservation cases.,Sets navigation architecture strategy across applications; anticipates evolving routing models.,Defines best practice for client routing industrywide; shapes widely adopted approaches.
FE-08,Engineering & Technology,Frontend & Client Engineering,Layout & Visual Styling,Responsive & adaptive layout,Technical,"Designing layouts that fluidly adapt across viewport sizes, orientations, and device capabilities.",Applies provided responsive rules to simple layouts under review.,Builds responsive layouts independently across common breakpoints and devices.,Designs adaptive layout systems autonomously; handles complex fluid and content-driven cases.,Defines responsive layout approaches teams adopt; solves the hardest cross-device challenges.,Sets organizational strategy for responsive and adaptive layout; anticipates new device classes.,Shapes industry practice for responsive design; pioneers widely referenced layout techniques.
FE-09,Engineering & Technology,Frontend & Client Engineering,Layout & Visual Styling,Visual styling & presentation systems,Technical,"Applying scalable styling approaches for visual presentation, theming, and consistent appearance.",Applies existing styles and tokens to components under review.,Implements styling independently following design systems for standard components.,"Designs scalable styling systems autonomously; resolves specificity, theming, and reuse issues.","Defines styling architecture and conventions others adopt; untangles fragile, sprawling styles.",Sets styling-system strategy across the organization; anticipates evolving presentation approaches.,Defines what good styling architecture means industrywide; shapes widely adopted systems.
FE-10,Engineering & Technology,Frontend & Client Engineering,Layout & Visual Styling,Cross-browser & cross-device compatibility,Technical,Ensuring consistent behavior and appearance across differing rendering engines and environments.,Fixes obvious compatibility issues on common browsers under guidance.,Tests and resolves standard cross-browser problems independently.,Designs compatibility strategies autonomously; diagnoses obscure rendering and behavior differences.,Defines compatibility approaches teams adopt; solves the most elusive cross-environment bugs.,Sets cross-browser and device strategy; anticipates platform fragmentation and capability shifts.,Shapes industry practice for compatibility; pioneers influential approaches to fragmentation.
FE-11,Engineering & Technology,Frontend & Client Engineering,Layout & Visual Styling,Animation & motion implementation,Technical,"Implementing performant, purposeful transitions and motion that enhance usability without distraction.",Implements simple transitions from provided specs under review.,Builds standard animations independently with attention to timing and smoothness.,Designs performant motion systems autonomously; handles complex sequencing and interruption.,Defines animation patterns others adopt; solves hard performance and choreography problems.,Sets motion-design implementation strategy; anticipates evolving animation capabilities.,Defines best practice for motion implementation industrywide; shapes widely adopted techniques.
FE-12,Engineering & Technology,Frontend & Client Engineering,User Experience Quality,Accessibility engineering,Technical,Building interfaces usable by people with diverse abilities and assistive technologies per inclusive standards.,Applies basic accessibility fixes following checklists under review.,Implements accessible components independently meeting standard requirements.,Designs accessible experiences autonomously; resolves complex assistive-technology and interaction cases.,Defines accessibility approaches teams adopt; solves the hardest inclusive-design problems.,Sets accessibility strategy across the organization; anticipates evolving standards and needs.,Shapes industry accessibility practice; influences standards and widely referenced guidance.
FE-13,Engineering & Technology,Frontend & Client Engineering,User Experience Quality,Frontend performance optimization,Technical,"Optimizing load, render, and runtime responsiveness through asset, network, and rendering improvements.",Applies known performance fixes to simple cases under guidance.,Profiles and improves standard performance issues independently.,"Diagnoses and optimizes performance autonomously across rendering, loading, and runtime.",Defines performance approaches teams adopt; solves the most stubborn bottlenecks.,Sets frontend performance strategy and budgets; anticipates emerging performance concerns.,Defines what good frontend performance means industrywide; pioneers influential techniques.
FE-14,Engineering & Technology,Frontend & Client Engineering,User Experience Quality,Internationalization & localization,Technical,"Adapting interfaces for multiple languages, locales, formats, and writing directions.",Externalizes strings and applies locale formatting for simple cases under review.,Implements internationalization independently for standard content and locales.,"Designs i18n architecture autonomously; handles pluralization, bidirectionality, and complex formatting.",Defines internationalization approaches teams adopt; solves hard multilingual and cultural cases.,Sets i18n and localization strategy across products; anticipates expanding locale and market needs.,Shapes industry practice for internationalization; pioneers widely adopted approaches.
FE-15,Engineering & Technology,Frontend & Client Engineering,User Experience Quality,Progressive enhancement & offline capability,Technical,Delivering resilient experiences that degrade gracefully and function under intermittent connectivity.,Adds basic fallbacks and simple offline behavior under guidance.,Implements progressive enhancement and standard offline support independently.,Designs resilient offline-capable experiences autonomously; handles sync and conflict cases.,Defines progressive-enhancement patterns teams adopt; solves hard offline and degradation problems.,Sets strategy for resilience and offline capability; anticipates evolving connectivity scenarios.,Defines best practice for progressive enhancement industrywide; shapes widely adopted approaches.
FE-16,Engineering & Technology,Frontend & Client Engineering,Client Platform & Tooling,Client build tooling & module bundling,Technical,"Configuring build pipelines, bundling, and transpilation to package and optimize client artifacts.",Runs and tweaks existing build configurations under review.,Configures standard build and bundling setups independently.,"Designs build pipelines autonomously; optimizes bundling, splitting, and asset handling.",Defines build-tooling approaches teams adopt; solves hard performance and configuration problems.,Sets build and bundling strategy across projects; anticipates evolving tooling models.,Shapes industry practice for client build tooling; pioneers influential approaches.
FE-17,Engineering & Technology,Frontend & Client Engineering,Client Platform & Tooling,Browser platform & runtime fundamentals,Technical,"Leveraging core client runtime capabilities, event models, storage, and rendering pipeline behavior.",Uses common platform APIs for simple tasks under guidance.,Applies browser runtime and lifecycle knowledge independently for standard work.,Leverages platform internals autonomously; debugs subtle runtime and event-loop behavior.,Defines platform-usage approaches teams adopt; solves deep runtime and capability problems.,Sets strategy for platform adoption; anticipates evolving browser capabilities and standards.,Defines authoritative understanding of the browser platform; shapes industry practice.
BE-01,Engineering & Technology,Backend & Distributed Services,Data Persistence & Modeling,Relational data modeling & querying,Technical,"Designs normalized relational schemas, relationships, and set-based queries for transactional data.",Writes simple queries and follows existing schemas under review.,Models standard entities and writes correct queries independently with normal review.,Designs normalized schemas autonomously; writes complex queries and resolves modeling trade-offs.,Defines data-modeling approaches teams adopt; solves the hardest schema and query problems.,Sets relational modeling strategy across systems; anticipates evolving data and access needs.,Defines best practice for relational modeling industrywide; shapes widely adopted approaches.
BE-02,Engineering & Technology,Backend & Distributed Services,Data Persistence & Modeling,Non-relational data modeling,Technical,"Models document, key-value, columnar, and graph data shaped around access patterns rather than normalization.",Stores and retrieves simple documents or records following patterns under review.,Models standard non-relational structures independently for known access patterns.,Designs non-relational schemas autonomously; optimizes for access patterns and denormalization.,Defines non-relational modeling approaches teams adopt; solves hard data-shape and scale problems.,Sets strategy for non-relational data modeling; anticipates evolving workload and access needs.,Shapes industry practice for non-relational modeling; pioneers influential approaches.
BE-03,Engineering & Technology,Backend & Distributed Services,Data Persistence & Modeling,Consistency & transaction design,Technical,"Applies transactions, isolation levels, and consistency models to keep data correct under concurrent access.",Uses provided transaction patterns for simple operations under review.,Implements standard transactions and isolation independently with normal review.,Designs consistency and transaction boundaries autonomously; resolves concurrency and isolation issues.,Defines consistency approaches teams adopt; solves the hardest correctness and contention problems.,Sets consistency and transaction strategy across systems; anticipates distributed-correctness challenges.,Defines authoritative practice for consistency design; shapes industry understanding of correctness.
BE-04,Engineering & Technology,Backend & Distributed Services,Data Persistence & Modeling,Indexing & query optimization,Technical,Designs indexes and query plans to meet latency and throughput targets at scale.,Adds suggested indexes and reads query plans under guidance.,Identifies and resolves standard slow queries independently.,Designs indexing strategies autonomously; tunes complex queries and execution plans.,Defines query-optimization approaches teams adopt; solves the most stubborn performance problems.,Sets indexing and optimization strategy across systems; anticipates evolving workload patterns.,Shapes industry practice for query optimization; pioneers widely referenced techniques.
BE-05,Engineering & Technology,Backend & Distributed Services,Data Persistence & Modeling,Search & indexing,Technical,"Builds full-text and faceted search using inverted indexes, ranking, and relevance tuning.",Implements basic search queries against existing indexes under review.,Builds standard search and indexing pipelines independently.,Designs search and relevance strategies autonomously; tunes ranking and indexing trade-offs.,"Defines search architecture teams adopt; solves hard relevance, scale, and freshness problems.",Sets search strategy across products; anticipates evolving retrieval and ranking needs.,Defines best practice for search and indexing industrywide; shapes widely adopted approaches.
BE-06,Engineering & Technology,Backend & Distributed Services,Data Access & Caching,Caching strategy & invalidation,Technical,"Selects cache placement, eviction, and invalidation strategies to balance freshness against performance.",Adds simple caching following established patterns under review.,Implements standard caching with basic invalidation independently.,"Designs caching strategies autonomously; resolves invalidation, staleness, and coherence issues.",Defines caching approaches teams adopt; solves the hardest invalidation and consistency problems.,Sets caching strategy across systems; anticipates evolving consistency and scale demands.,Defines authoritative practice for caching and invalidation; shapes industry understanding.
BE-07,Engineering & Technology,Backend & Distributed Services,Data Access & Caching,Data partitioning & sharding,Technical,Splits and distributes data across nodes to scale storage and access while managing rebalancing.,Operates within existing partitioning schemes for simple tasks under guidance.,Implements standard partitioning following defined strategies independently.,Designs partitioning and sharding schemes autonomously; handles rebalancing and hotspot issues.,Defines partitioning approaches teams adopt; solves hard distribution and skew problems.,Sets partitioning strategy across systems; anticipates evolving scale and topology needs.,Shapes industry practice for partitioning and sharding; pioneers influential approaches.
BE-08,Engineering & Technology,Backend & Distributed Services,Data Access & Caching,Replication & data distribution,Technical,"Replicates data across nodes and regions, reasoning about lag, failover, and read/write trade-offs.",Operates replicated setups for simple tasks under guidance.,Configures standard replication independently following defined patterns.,"Designs replication topologies autonomously; resolves lag, conflict, and failover issues.",Defines replication approaches teams adopt; solves hard distribution and consistency problems.,Sets replication and distribution strategy across systems; anticipates evolving topology needs.,Defines best practice for replication and data distribution; shapes industry practice.
BE-09,Engineering & Technology,Backend & Distributed Services,Messaging & Eventing,Message & event-driven architecture,Technical,"Designs asynchronous, decoupled systems using queues, streams, and publish-subscribe flows.",Produces and consumes messages for simple flows under review.,Implements standard event-driven flows independently with normal review.,"Designs event-driven architectures autonomously; resolves ordering, delivery, and coupling concerns.",Defines event-driven approaches teams adopt; solves the hardest decoupling and flow problems.,Sets event-driven architecture strategy across systems; anticipates evolving messaging models.,Defines authoritative practice for event-driven architecture; shapes industry understanding.
BE-10,Engineering & Technology,Backend & Distributed Services,Messaging & Eventing,Event modeling & stream processing,Technical,Models domain events and processes continuous streams for real-time and derived state.,Implements simple stream consumers and event handlers under guidance.,Builds standard stream-processing flows independently.,Designs event models and stream pipelines autonomously; handles windowing and state.,Defines stream-processing approaches teams adopt; solves hard ordering and throughput problems.,Sets event-modeling and streaming strategy across systems; anticipates evolving processing needs.,Shapes industry practice for event modeling and stream processing; pioneers influential approaches.
BE-11,Engineering & Technology,Backend & Distributed Services,Messaging & Eventing,Idempotency & reliability patterns,Technical,"Applies idempotency, retries, deduplication, and delivery guarantees to make operations safely repeatable.",Applies provided idempotency and retry patterns for simple cases under review.,Implements standard reliability and retry handling independently.,"Designs idempotent, reliable flows autonomously; resolves duplicate and partial-failure cases.",Defines reliability patterns teams adopt; solves the hardest exactly-once and recovery problems.,Sets reliability and idempotency strategy across systems; anticipates evolving failure modes.,Defines best practice for reliability patterns industrywide; shapes widely adopted approaches.
BE-12,Engineering & Technology,Backend & Distributed Services,Messaging & Eventing,Background processing & scheduling,Technical,"Designs deferred, batched, and scheduled work to offload and coordinate long-running tasks.",Implements simple background jobs following patterns under review.,Builds standard scheduled and queued jobs independently.,"Designs background-processing systems autonomously; handles retries, concurrency, and timing.",Defines background-processing approaches teams adopt; solves hard scheduling and throughput problems.,Sets background-processing strategy across systems; anticipates evolving workload demands.,Shapes industry practice for background processing and scheduling; pioneers influential approaches.
BE-13,Engineering & Technology,Backend & Distributed Services,Service Interfaces & Protocols,API contract & versioning design,Technical,"Defines stable interface contracts, schemas, and versioning strategies for evolving consumers.",Implements endpoints against existing contracts under review.,Designs standard API contracts independently with consistent conventions.,Designs API contracts and versioning autonomously; manages compatibility and evolution.,Defines API-design approaches teams adopt; solves hard versioning and compatibility problems.,Sets API contract and versioning strategy across the organization; anticipates evolving needs.,Defines authoritative practice for API design; shapes industry standards and conventions.
BE-14,Engineering & Technology,Backend & Distributed Services,Service Interfaces & Protocols,Synchronous & asynchronous protocol design,Technical,"Chooses and designs request-response, streaming, and real-time communication protocols for service interaction.",Implements communication over established protocols for simple cases under review.,Builds standard synchronous and async interactions independently.,Designs protocol interactions autonomously; chooses sync/async trade-offs and handles failures.,Defines protocol-design approaches teams adopt; solves hard latency and coupling problems.,Sets protocol-design strategy across systems; anticipates evolving communication models.,Defines best practice for protocol design industrywide; shapes widely adopted approaches.
BE-15,Engineering & Technology,Backend & Distributed Services,Service Interfaces & Protocols,Authentication & authorization,Technical,"Designs identity, credential, token, and access-control mechanisms to protect services and data.",Applies existing auth mechanisms to simple endpoints under review.,Implements standard authentication and authorization flows independently.,"Designs auth models autonomously; resolves complex identity, token, and permission cases.",Defines auth approaches teams adopt; solves the hardest access-control and trust problems.,Sets authentication and authorization strategy across systems; anticipates evolving threats.,Defines authoritative practice for auth; shapes industry standards and security understanding.
BE-16,Engineering & Technology,Backend & Distributed Services,Service Interfaces & Protocols,Rate limiting & traffic shaping,Technical,"Protects services with throttling, quotas, backpressure, and graceful degradation under load.",Applies provided rate-limit rules to simple endpoints under guidance.,Implements standard rate limiting and throttling independently.,"Designs traffic-shaping strategies autonomously; handles bursts, fairness, and backpressure.",Defines rate-limiting approaches teams adopt; solves hard fairness and abuse problems.,Sets traffic-management strategy across systems; anticipates evolving load and abuse patterns.,Shapes industry practice for rate limiting and traffic shaping; pioneers influential approaches.
BE-17,Engineering & Technology,Backend & Distributed Services,Scalability & Resilience,Scalability & load management,Technical,Scales systems horizontally and vertically and distributes load to meet demand elastically.,Applies known scaling adjustments to simple services under guidance.,Implements standard scaling and load-handling measures independently.,Designs scalable systems autonomously; resolves bottlenecks and load-distribution challenges.,Defines scalability approaches teams adopt; solves the hardest scaling and contention problems.,Sets scalability strategy across systems; anticipates growth and evolving load profiles.,Defines authoritative practice for scalability; shapes industry understanding of scaling.
BE-18,Engineering & Technology,Backend & Distributed Services,Scalability & Resilience,Fault tolerance & failure isolation,Technical,"Designs timeouts, retries, circuit breakers, and bulkheads to contain and survive partial failures.",Applies provided resilience patterns to simple services under review.,Implements standard fault-tolerance and isolation measures independently.,Designs resilient systems autonomously; resolves cascading-failure and degradation concerns.,Defines fault-tolerance approaches teams adopt; solves the hardest isolation and recovery problems.,Sets resilience strategy across systems; anticipates emerging failure modes and risks.,Defines best practice for fault tolerance industrywide; shapes widely adopted approaches.
BE-19,Engineering & Technology,Backend & Distributed Services,Scalability & Resilience,Capacity planning & resource budgeting,Behavioral,"Forecasts demand and provisions compute, storage, and connection resources against budgets.",Gathers usage metrics and applies simple capacity estimates under guidance.,Produces standard capacity forecasts and resource budgets independently.,"Plans capacity autonomously; models demand, headroom, and resource trade-offs.",Defines capacity-planning approaches teams adopt; solves hard forecasting and efficiency problems.,Sets capacity and resource-budgeting strategy across systems; anticipates long-term demand shifts.,Shapes industry practice for capacity planning; pioneers influential approaches to resource budgeting.
ARC-01,Engineering & Technology,Architecture & System Design,Architectural Styles & Decomposition,Architectural styles & patterns,Technical,"Selects and applies layered, modular, service-oriented, and event-driven structural patterns to fit context.","Applies a chosen architectural style to a component under guidance, following existing patterns.","Implements standard styles independently for routine systems, selecting from familiar patterns.","Selects and combines styles for ambiguous systems, justifying fit against constraints autonomously.",Defines reference architectures and pattern catalogs others adopt across multiple systems.,Sets the organization's architectural style strategy and anticipates emerging structural shifts.,Originates architectural styles and patterns the wider industry recognizes and adopts.
ARC-02,Engineering & Technology,Architecture & System Design,Architectural Styles & Decomposition,Service decomposition & boundary design,Technical,Partitions systems into services and modules with clear ownership and coupling boundaries.,"Splits a service along boundaries already defined, with decomposition reviewed.",Decomposes routine systems into services using established boundary heuristics independently.,"Designs boundaries for complex domains, resolving overlap and ownership ambiguity autonomously.",Defines decomposition methods and boundary heuristics teams reuse across products.,"Sets enterprise-wide boundary and ownership strategy, anticipating decomposition pressures.",Shapes how the industry reasons about service boundaries and decomposition.
ARC-03,Engineering & Technology,Architecture & System Design,Architectural Styles & Decomposition,Domain modeling,Technical,"Models business concepts, language, and boundaries to align software structure with the domain.",Translates given domain rules into a model under review.,"Builds models for familiar domains independently, capturing standard entities and relationships.","Models ambiguous domains, surfacing hidden invariants and resolving conflicting expert input.",Defines modeling approaches and shared language others apply across domains.,"Sets domain-modeling strategy and standards organization-wide, anticipating evolution.",Advances domain-modeling practice recognized and taught across the industry.
ARC-04,Engineering & Technology,Architecture & System Design,Architectural Styles & Decomposition,"Coupling, cohesion & dependency management",Technical,Manages dependencies and direction of coupling to keep components changeable and independently deployable.,Removes obvious dependencies and follows cohesion guidance under review.,"Manages coupling in routine modules independently, applying standard dependency rules.",Diagnoses and restructures tangled dependencies in complex systems autonomously.,Defines dependency governance and cohesion principles teams adopt.,Sets organization-wide coupling strategy and anticipates structural debt accumulation.,"Defines what healthy coupling means for the discipline, influencing wider practice."
ARC-05,Engineering & Technology,Architecture & System Design,Distributed Coordination,Consistency models,Technical,"Reasons about strong, eventual, and causal consistency to choose correct guarantees per use case.","Applies a specified consistency model under guidance, with choices reviewed.",Selects standard consistency models for routine cases independently.,Chooses and reasons about consistency trade-offs in ambiguous distributed scenarios autonomously.,Defines consistency-model guidance others rely on for hard correctness problems.,Sets consistency strategy across systems and anticipates new model needs.,Advances how the industry understands and applies consistency models.
ARC-06,Engineering & Technology,Architecture & System Design,Distributed Coordination,Consensus & coordination,Technical,"Applies leader election, distributed locks, and consensus to coordinate state across nodes.",Configures coordination using established primitives under review.,Applies standard consensus and coordination mechanisms to routine problems independently.,"Designs coordination for complex failure scenarios, resolving liveness and safety trade-offs autonomously.",Defines coordination approaches others adopt and solves intractable agreement problems.,"Sets coordination strategy organization-wide, anticipating distributed-coordination challenges.",Shapes industry understanding of consensus and coordination.
ARC-07,Engineering & Technology,Architecture & System Design,Distributed Coordination,Distributed transactions & saga design,Technical,"Coordinates multi-service state changes using sagas, compensations, and eventual consistency.",Implements a defined saga or transaction flow under review.,Builds standard distributed transactions and compensations independently for routine flows.,Designs saga and consistency-recovery patterns for complex multi-step flows autonomously.,Defines distributed-transaction patterns and failure-handling approaches teams adopt.,"Sets strategy for cross-system transactional integrity, anticipating coordination needs.",Defines best practice for distributed transactions across the industry.
ARC-08,Engineering & Technology,Architecture & System Design,System Quality & Trade-offs,Capacity estimation & back-of-envelope modeling,Technical,"Estimates load, storage, and bandwidth to size systems and validate feasibility early.",Performs simple capacity calculations from given assumptions under review.,Estimates capacity for routine systems independently using standard models.,"Builds defensible capacity models for ambiguous, large-scale systems autonomously.",Defines estimation methods and reference figures others reuse.,Sets capacity-planning strategy and anticipates scaling inflection points organization-wide.,Advances how the discipline approaches capacity modeling.
ARC-09,Engineering & Technology,Architecture & System Design,System Quality & Trade-offs,Non-functional requirement design,Technical,"Designs for latency, availability, durability, and consistency targets as first-class constraints.",Documents non-functional requirements from given targets under review.,Defines standard non-functional requirements independently for routine systems.,Elicits and reconciles conflicting quality requirements in ambiguous contexts autonomously.,Defines NFR frameworks and quality taxonomies others adopt.,"Sets organization-wide quality-attribute strategy, anticipating emerging non-functional concerns.",Shapes industry practice for defining and reasoning about system qualities.
ARC-10,Engineering & Technology,Architecture & System Design,System Quality & Trade-offs,Architectural trade-off analysis,Behavioral,Evaluates and justifies design options against competing quality attributes and constraints.,Compares options against given criteria under review.,Evaluates standard trade-offs independently for routine architectural choices.,"Structures and defends trade-off decisions for ambiguous, high-stakes designs autonomously.",Defines trade-off analysis methods and decision frameworks others adopt.,"Sets how the organization makes architectural trade-offs, anticipating future tensions.",Advances trade-off-analysis practice recognized across the industry.
CS-01,Engineering & Technology,Computer Science Foundations,Data Structures & Algorithms,Algorithmic problem solving,Technical,Selects data structures and algorithmic strategies to solve problems correctly and efficiently.,Solves well-defined problems using known algorithms under review.,Selects and applies appropriate algorithms to routine problems independently.,"Devises efficient solutions for novel, ambiguous problems autonomously.",Defines solution approaches and decomposition techniques others learn from.,Sets standards for algorithmic problem solving and anticipates new problem classes.,Originates algorithmic techniques the wider field adopts.
CS-02,Engineering & Technology,Computer Science Foundations,Data Structures & Algorithms,Computational complexity analysis,Technical,Analyzes time and space complexity to compare approaches and predict scaling behavior.,Determines complexity of simple algorithms under review.,Analyzes time and space complexity of routine algorithms independently.,Analyzes and optimizes complexity for intricate algorithms autonomously.,Defines complexity-analysis methods and teaches rigorous reasoning to others.,"Sets standards for complexity reasoning, anticipating where bottlenecks emerge.",Advances how the field reasons about computational complexity.
CS-03,Engineering & Technology,Computer Science Foundations,Data Structures & Algorithms,Core data structure design,Technical,"Applies and adapts foundational structures like trees, graphs, hashes, and heaps to model problems.",Uses appropriate standard data structures under guidance.,Selects and adapts standard structures for routine needs independently.,Designs custom structures balancing competing constraints for hard cases autonomously.,Defines structure-selection principles and novel structures others adopt.,Sets data-structure strategy and anticipates evolving access patterns.,Originates data structures recognized and used across the industry.
CS-04,Engineering & Technology,Computer Science Foundations,Concurrency & Computation,Concurrency & parallelism,Technical,"Designs concurrent and parallel execution using synchronization, isolation, and shared-state discipline.",Writes concurrent code using given primitives under review.,Implements standard concurrent patterns independently for routine workloads.,"Designs correct, efficient concurrency for complex shared-state problems autonomously.",Defines concurrency patterns and reasoning others adopt to avoid subtle defects.,"Sets concurrency strategy organization-wide, anticipating parallelism challenges.",Shapes industry understanding of concurrency and parallelism.
CS-05,Engineering & Technology,Computer Science Foundations,Concurrency & Computation,Memory & resource management,Technical,"Reasons about allocation, references, and lifetimes to use memory and resources safely and efficiently.",Manages memory and resources following established patterns under review.,Handles standard allocation and cleanup independently for routine code.,"Diagnoses and resolves complex leaks, contention, and lifetime issues autonomously.",Defines resource-management approaches others adopt for hard cases.,"Sets resource-management strategy, anticipating efficiency and lifetime concerns.",Advances how the discipline reasons about memory and resource management.
CS-06,Engineering & Technology,Computer Science Foundations,Concurrency & Computation,Computation & execution models,Technical,"Understands how programs map to processes, threads, scheduling, and the underlying machine.",Reasons about basic execution behavior under guidance.,Applies standard execution-model knowledge to routine work independently.,Leverages deep execution-model understanding to solve subtle behavioral problems autonomously.,Defines execution-model guidance others rely on for performance and correctness.,"Sets standards for execution-model reasoning, anticipating model shifts.",Advances the field's understanding of computation and execution models.
CS-07,Engineering & Technology,Computer Science Foundations,Systems & Networking Fundamentals,Networking & protocol fundamentals,Technical,"Applies layered networking, addressing, and transport concepts that underpin distributed communication.",Diagnoses basic connectivity using given tools under review.,Applies standard protocol knowledge to routine networking tasks independently.,Diagnoses and designs around complex protocol and network behavior autonomously.,Defines protocol-usage guidance and solves obscure networking problems for others.,Sets networking strategy and anticipates protocol-level shifts.,Shapes industry understanding of networking and protocols.
CS-08,Engineering & Technology,Computer Science Foundations,Systems & Networking Fundamentals,Operating system & runtime fundamentals,Technical,"Leverages OS-level concepts of processes, I/O, and resource isolation to reason about runtime behavior.",Uses OS and runtime features following guidance under review.,Applies standard OS and runtime knowledge to routine tasks independently.,Diagnoses subtle OS and runtime interactions for hard problems autonomously.,Defines runtime-behavior guidance others rely on.,"Sets standards for OS and runtime reasoning, anticipating platform shifts.",Advances the field's understanding of operating-system and runtime behavior.
CS-09,Engineering & Technology,Computer Science Foundations,Systems & Networking Fundamentals,Data encoding & serialization,Technical,"Chooses encoding, serialization, and schema-evolution formats for storage and cross-service exchange.",Applies given encoding and serialization formats under review.,Selects and uses standard serialization formats independently for routine data.,Designs encoding schemes balancing compatibility and efficiency for hard cases autonomously.,Defines serialization and schema-evolution approaches others adopt.,"Sets encoding strategy organization-wide, anticipating interchange needs.",Advances industry practice for data encoding and serialization.
MOB-01,Engineering & Technology,Mobile Engineering,Mobile UI & Interaction,Native mobile UI construction,Technical,"Building screens and views with platform UI paradigms, navigation patterns, and lifecycle awareness.",Builds UI screens from given designs using standard components under review.,Constructs standard native interfaces independently for routine screens.,"Builds complex, polished native UI resolving tricky layout and rendering cases autonomously.",Defines UI-construction patterns and component libraries others adopt.,Sets native-UI standards and anticipates platform UI evolution.,Shapes industry practice for native mobile UI construction.
MOB-02,Engineering & Technology,Mobile Engineering,Mobile UI & Interaction,Touch & gesture interaction design,Technical,"Implementing touch, gesture, and input handling aligned with mobile interaction conventions.",Wires up standard touch handlers following guidance under review.,Implements common gestures and touch interactions independently for routine flows.,"Designs complex, conflict-free gesture systems with natural feel autonomously.",Defines gesture-interaction patterns others adopt across apps.,Sets interaction standards and anticipates new input paradigms.,Advances industry practice for touch and gesture interaction.
MOB-03,Engineering & Technology,Mobile Engineering,Mobile UI & Interaction,Adaptive layout for device fragmentation,Technical,"Adapting layouts across varied screen sizes, densities, form factors, and orientations.",Adjusts layouts for given screen sizes following guidance under review.,Builds responsive layouts independently for common device classes.,Designs layouts robust across the full fragmentation spectrum autonomously.,Defines adaptive-layout strategies and breakpoint systems others adopt.,"Sets fragmentation-handling standards, anticipating new form factors.",Shapes industry practice for adaptive layout across devices.
MOB-04,Engineering & Technology,Mobile Engineering,Device Platform Integration,Device sensor & hardware integration,Technical,"Accessing cameras, sensors, location, and other on-device hardware through platform interfaces.",Reads sensors using given APIs under review.,Integrates standard sensors and hardware independently for routine features.,Designs robust sensor fusion and hardware handling for complex cases autonomously.,Defines sensor-integration patterns others adopt.,"Sets hardware-integration strategy, anticipating new sensor capabilities.",Advances industry practice for device sensor and hardware integration.
MOB-05,Engineering & Technology,Mobile Engineering,Device Platform Integration,Platform permissions & privacy controls,Technical,"Requesting, managing, and respecting runtime permissions and platform privacy requirements.",Requests permissions following platform guidance under review.,Implements standard permission and privacy flows independently.,Designs privacy-respecting permission strategies for complex data needs autonomously.,Defines permission and privacy patterns others adopt across apps.,"Sets privacy-control strategy, anticipating regulatory and platform shifts.",Shapes industry practice for mobile permissions and privacy.
MOB-06,Engineering & Technology,Mobile Engineering,Device Platform Integration,Push notifications & background processing,Technical,Implementing remote messaging and background tasks within platform execution constraints.,Implements basic notifications and background tasks following guidance under review.,Builds standard push and background workflows independently for routine needs.,Designs reliable notification and background systems under platform constraints autonomously.,Defines push and background-processing patterns others adopt.,"Sets notification and background strategy, anticipating platform restrictions.",Advances industry practice for push and background processing.
MOB-07,Engineering & Technology,Mobile Engineering,Mobile Runtime Quality,Mobile app lifecycle & state restoration,Technical,"Managing app and process lifecycle, suspension, and seamless state restoration across interruptions.",Handles lifecycle callbacks following given patterns under review.,Implements standard state save and restore independently for routine flows.,Designs robust lifecycle and restoration handling for complex state autonomously.,Defines lifecycle and restoration patterns others adopt.,"Sets state-management standards across apps, anticipating lifecycle changes.",Shapes industry practice for app lifecycle and state restoration.
MOB-08,Engineering & Technology,Mobile Engineering,Mobile Runtime Quality,"Mobile performance, memory & battery optimization",Technical,"Optimizing responsiveness, memory footprint, and energy use under constrained device resources.",Applies given optimizations and measures with provided tools under review.,Profiles and fixes common performance and memory issues independently.,"Diagnoses and resolves complex performance, memory, and battery problems autonomously.",Defines optimization methods and budgets others adopt.,"Sets mobile-performance strategy, anticipating efficiency challenges.",Advances industry practice for mobile performance and efficiency.
MOB-09,Engineering & Technology,Mobile Engineering,Mobile Runtime Quality,Offline-first data & local persistence,Technical,Persisting data locally and synchronizing reliably across unreliable mobile connectivity.,Implements local storage following given patterns under review.,Builds standard offline storage and caching independently for routine cases.,Designs robust offline-first sync and conflict resolution for complex data autonomously.,Defines offline-first patterns and sync strategies others adopt.,"Sets local-persistence strategy, anticipating connectivity and sync needs.",Shapes industry practice for offline-first data.
MOB-10,Engineering & Technology,Mobile Engineering,Mobile Runtime Quality,Cross-platform mobile development,Technical,Sharing logic and UI across platforms while honoring each platform's conventions and capabilities.,Builds shared features following established cross-platform patterns under review.,Implements standard cross-platform components independently for routine needs.,Designs cross-platform architecture balancing sharing and platform fidelity autonomously.,Defines cross-platform approaches and abstractions others adopt.,"Sets cross-platform strategy, anticipating platform divergence.",Advances industry practice for cross-platform mobile development.
MOB-11,Engineering & Technology,Mobile Engineering,Release & Distribution,Mobile release & store delivery,Technical,"Packaging, signing, submitting, and managing app distribution through store review and rollout processes.",Prepares release builds and submissions following given steps under review.,Manages standard store submission and release processes independently.,Designs release pipelines handling complex store and rollout requirements autonomously.,Defines release and store-delivery practices others adopt.,"Sets release strategy, anticipating store-policy and distribution shifts.",Shapes industry practice for mobile release and store delivery.
MOB-12,Engineering & Technology,Mobile Engineering,Release & Distribution,Over-the-air updates & version adoption,Technical,Delivering updates and managing fragmented version adoption across an installed user base.,Ships OTA updates following given configuration under review.,Manages standard OTA delivery and version targeting independently.,Designs safe OTA rollout and adoption strategies for complex fleets autonomously.,Defines OTA-update and adoption-management patterns others adopt.,"Sets update-delivery strategy, anticipating version-fragmentation challenges.",Advances industry practice for over-the-air updates and version adoption.
DATA-01,Engineering & Technology,Data Engineering & Analytics,Data Pipelines & Integration,Batch & streaming pipeline design,Technical,Designs batch and real-time data flows that move and transform data reliably at scale.,"Builds simple batch jobs from clear specs, with output and logic reviewed.","Designs routine batch or streaming pipelines independently, handling common volume and ordering cases.","Designs robust pipelines for ambiguous workloads, balancing latency, throughput, and cost autonomously.",Defines reusable pipeline patterns others adopt and resolves intractable backpressure or exactly-once problems.,Sets the organization's batch-versus-streaming strategy and anticipates emerging processing paradigms.,Defines what good pipeline architecture means industry-wide and is externally recognized for it.
DATA-02,Engineering & Technology,Data Engineering & Analytics,Data Pipelines & Integration,Data ingestion & integration,Technical,Acquires and consolidates data from heterogeneous internal and external sources into usable form.,"Connects to documented sources and loads data under guidance, with mappings reviewed.","Independently integrates standard sources, handling routine schema and format variation.","Reliably integrates messy, undocumented, or high-volume sources and resolves hard reconciliation cases.",Defines ingestion frameworks and connector patterns others reuse across diverse source types.,"Sets integration strategy and standards, anticipating new source modalities and protocols.",Shapes industry practice for source integration and is externally credible on the topic.
DATA-03,Engineering & Technology,Data Engineering & Analytics,Data Pipelines & Integration,Workflow orchestration & scheduling,Technical,"Coordinates dependent data tasks into reliable, repeatable, scheduled pipelines.",Configures predefined workflow steps and dependencies under review.,Builds and schedules routine multi-step workflows independently with normal retry handling.,"Orchestrates complex interdependent workflows autonomously, resolving tricky timing and failure cases.",Defines orchestration patterns and guardrails others adopt for reliability at scale.,"Sets orchestration strategy and standards, anticipating shifts in scheduling and dependency management.",Defines best practice for workflow orchestration across the discipline and is externally recognized.
DATA-04,Engineering & Technology,Data Engineering & Analytics,Data Pipelines & Integration,Change data capture & incremental processing,Technical,Captures and propagates source data changes efficiently without full reprocessing.,Runs configured incremental loads and verifies row counts under guidance.,Implements standard change-capture and incremental jobs independently for common scenarios.,"Designs reliable incremental processing for late-arriving, out-of-order, or deleted-record cases autonomously.",Defines incremental and capture patterns others adopt to guarantee correctness and replayability.,Sets the strategy for change propagation and anticipates evolving capture techniques.,Defines industry standards for change data capture and is externally credible.
DATA-05,Engineering & Technology,Data Engineering & Analytics,Data Modeling & Storage,Data modeling & warehousing,Technical,"Structures data into warehouses and lakes optimized for storage, access, and analytics.",Implements predefined tables and relationships under review.,Designs standard warehouse models independently for routine subject areas.,"Models ambiguous domains autonomously, resolving hard normalization and historization trade-offs.",Defines modeling conventions and warehouse architecture others adopt.,Sets enterprise data-modeling strategy and anticipates shifts in storage paradigms.,Defines what good warehouse modeling means industry-wide and is externally recognized.
DATA-06,Engineering & Technology,Data Engineering & Analytics,Data Modeling & Storage,Dimensional & analytics modeling,Technical,"Designs facts, dimensions, and analytical schemas that make data intuitive to query.",Builds facts and dimensions from supplied designs under review.,Designs standard star schemas independently for routine analytics needs.,"Models complex grains, slowly-changing dimensions, and conformance issues autonomously.",Defines dimensional modeling patterns and conformed-dimension standards others adopt.,Sets dimensional strategy across analytics domains and anticipates modeling evolution.,Shapes industry practice for dimensional modeling and is externally credible.
DATA-07,Engineering & Technology,Data Engineering & Analytics,Data Modeling & Storage,Relational analytics & query design,Technical,Composes set-based queries and joins to answer analytical questions over relational data.,"Writes simple queries from clear requirements, with logic reviewed.",Writes correct multi-join analytical queries independently for routine questions.,"Designs complex queries handling tricky aggregations, window logic, and edge semantics autonomously.",Defines query patterns and reusable analytical building blocks others adopt.,Sets standards for analytical query design and anticipates shifts in query paradigms.,Defines best practice for analytical querying across the discipline and is externally recognized.
DATA-08,Engineering & Technology,Data Engineering & Analytics,Data Modeling & Storage,Query & storage optimization,Technical,"Tunes data layout, indexing, and query plans to balance speed, scale, and resource use.",Applies suggested indexes or partitions under review.,Tunes routine slow queries and storage layouts independently.,Diagnoses and resolves hard performance and storage-cost problems autonomously.,Defines optimization playbooks others adopt and solves pathological bottlenecks.,Sets optimization strategy and anticipates emerging storage and execution techniques.,Defines industry standards for query and storage optimization and is externally credible.
DATA-09,Engineering & Technology,Data Engineering & Analytics,Data Quality & Governance,Data quality & validation,Technical,"Defines and enforces checks for accuracy, completeness, and consistency across datasets.",Runs predefined quality checks and flags failures under guidance.,Builds standard validation rules independently and triages common quality issues.,Designs comprehensive quality frameworks and resolves ambiguous root-cause cases autonomously.,Defines quality-checking patterns and severity frameworks others adopt.,Sets data-quality strategy and anticipates evolving validation approaches.,Defines what good data quality means industry-wide and is externally recognized.
DATA-10,Engineering & Technology,Data Engineering & Analytics,Data Quality & Governance,Data governance & lineage,Technical,"Tracks data origins, ownership, and movement to ensure trust, compliance, and traceability.",Records lineage and metadata into provided systems under review.,Maintains governance documentation and lineage for routine assets independently.,"Establishes governance and lineage for complex, cross-team data flows autonomously.",Defines governance frameworks and lineage standards others adopt.,Sets enterprise governance strategy and anticipates regulatory and stewardship shifts.,Shapes industry practice for data governance and is externally credible.
DATA-11,Engineering & Technology,Data Engineering & Analytics,Data Quality & Governance,Master & reference data management,Technical,"Maintains consistent, authoritative definitions of core business entities across systems.",Maintains reference lists and match rules under guidance.,Manages standard master and reference data independently with routine deduplication.,"Resolves hard entity-matching, survivorship, and hierarchy conflicts autonomously.",Defines mastering and stewardship patterns others adopt across domains.,Sets master-data strategy and anticipates evolving entity-resolution approaches.,Defines best practice for master data management and is externally recognized.
DATA-12,Engineering & Technology,Data Engineering & Analytics,Data Quality & Governance,Data privacy & access stewardship,Behavioral,"Safeguards sensitive data through appropriate classification, access, and retention practices.",Applies predefined access and masking rules under review.,Implements standard privacy controls and access grants independently.,"Designs access and privacy schemes for ambiguous, sensitive cases autonomously.",Defines privacy and access-control patterns others adopt across the data estate.,Sets privacy and stewardship strategy and anticipates regulatory and risk shifts.,Defines industry standards for data privacy stewardship and is externally credible.
DATA-13,Engineering & Technology,Data Engineering & Analytics,Analytics & Insight,Exploratory data analysis,Technical,"Profiles and explores data to surface patterns, anomalies, and analytical opportunities.",Profiles datasets and produces basic summaries under guidance.,"Explores routine datasets independently, surfacing distributions and obvious anomalies.",Uncovers non-obvious patterns and data issues in ambiguous datasets autonomously.,Defines exploration approaches others adopt and frames what questions data can answer.,Sets standards for rigorous exploration and anticipates new analytical techniques.,Defines best practice for exploratory analysis across the discipline and is externally recognized.
DATA-14,Engineering & Technology,Data Engineering & Analytics,Analytics & Insight,Statistical inference & hypothesis testing,Technical,Draws defensible conclusions from data using probability and significance testing.,Runs prescribed tests and reports outputs under review.,Selects and applies standard tests independently for routine questions.,"Designs sound inference for tricky, assumption-violating cases autonomously and interprets correctly.",Defines inferential methods others adopt and corrects subtle statistical misuse.,Sets standards for statistical rigor and anticipates methodological advances.,Shapes industry practice for applied inference and is externally credible.
DATA-15,Engineering & Technology,Data Engineering & Analytics,Analytics & Insight,Metric definition & semantic layers,Technical,"Defines consistent, reusable business metrics and the shared semantics behind them.",Implements metric definitions as specified under review.,Defines and documents standard metrics independently with consistent logic.,Resolves ambiguous or conflicting metric definitions and edge semantics autonomously.,Defines semantic-layer patterns and metric governance others adopt.,Sets metric and semantic strategy and anticipates shifts in measurement practice.,Defines best practice for metric and semantic design and is externally recognized.
DATA-16,Engineering & Technology,Data Engineering & Analytics,Analytics & Insight,Data wrangling & transformation,Technical,"Cleans, reshapes, and enriches raw data into analysis-ready datasets.",Applies prescribed cleaning and reshaping steps under review.,Transforms and cleans routine messy data independently.,Wrangles severely malformed or complex data into reliable shape autonomously.,Defines transformation patterns and reusable cleaning logic others adopt.,Sets standards for transformation rigor and anticipates evolving wrangling techniques.,Defines industry best practice for data transformation and is externally credible.
DATA-17,Engineering & Technology,Data Engineering & Analytics,Decision Support & Reporting,Data visualization & storytelling,Behavioral,Turns analysis into clear visuals and narratives that drive understanding and action.,Produces standard charts from given data and specs under review.,"Creates clear, correct visuals independently for routine reporting needs.",Designs compelling narratives that drive decisions for ambiguous audiences autonomously.,Defines visualization patterns and storytelling standards others adopt.,Sets the organization's data-storytelling approach and anticipates shifts in communication norms.,Defines what good data storytelling means industry-wide and is externally recognized.
DATA-18,Engineering & Technology,Data Engineering & Analytics,Decision Support & Reporting,Dashboard & self-service reporting design,Technical,Builds reusable dashboards and reports that let stakeholders explore data independently.,Builds dashboard components from provided requirements under review.,Designs functional dashboards and self-service views independently for routine needs.,"Designs intuitive, performant self-service experiences for ambiguous user needs autonomously.",Defines dashboard and self-service design patterns others adopt.,Sets self-service reporting strategy and anticipates shifts in analytics consumption.,Defines best practice for self-service reporting and is externally credible.
DATA-19,Engineering & Technology,Data Engineering & Analytics,Decision Support & Reporting,Requirements gathering & stakeholder translation,Behavioral,Elicits business questions and translates them into well-scoped analytical deliverables.,Captures stated requirements accurately under guidance.,"Elicits and documents routine requirements independently, clarifying obvious gaps.",Surfaces unstated needs and translates ambiguous asks into clear specs autonomously.,Defines elicitation and translation approaches others adopt across teams.,Sets standards for requirements practice and anticipates evolving stakeholder needs.,Defines best practice for stakeholder translation in analytics and is externally recognized.
DATA-20,Engineering & Technology,Data Engineering & Analytics,Decision Support & Reporting,Business & domain acumen,Behavioral,Applies understanding of the business context to frame data work around real value.,Learns core domain concepts and applies them to tasks under guidance.,Applies solid domain understanding to routine analytical work independently.,Connects data work to business outcomes and frames hard domain questions autonomously.,Defines how domain context shapes analytics approaches others adopt.,Sets direction linking data capability to business strategy and anticipates domain shifts.,Recognized externally for shaping how the domain and data discipline intersect.
AI-01,Engineering & Technology,AI & ML Engineering,LLM Systems,LLM Integration & Prompt Engineering,Technical,Builds reliable features on top of language models.,"Understands LLM basics (tokens, context windows, temperature, system prompts); calls model APIs correctly.","Writes effective prompts; uses structured outputs, function calling and streaming; understands model differences and pricing.","Expert prompt/context design (few-shot, decomposition, chaining); knows when fine-tuning beats prompting (rarely); designs for model swappability.",Mastery of model behavior across providers and versions; designs upgrade-migration strategies; squeezes capability others can't.,"Deep expertise; anticipates capability shifts (new modalities, reasoning models) and repositions ahead of them.",Authority on applied LLM engineering; may influence industry practice.
AI-02,Engineering & Technology,AI & ML Engineering,LLM Systems,Context & Retrieval Engineering,Technical,Grounds models in the right knowledge.,"Understands embeddings, similarity search and why grounding reduces hallucination.","Builds standard RAG pipelines (chunking, embedding, retrieval, reranking); manages context budgets deliberately.","Designs retrieval quality systems (hybrid search, reranking, freshness, citation, memory for multi-turn).","Expert in retrieval at scale (index strategy, multi-source federation, permission-aware retrieval).",Deep expertise; anticipates how longer context and new architectures change retrieval economics.,Mastery of the discipline; defines how AI systems access knowledge.
AI-03,Engineering & Technology,AI & ML Engineering,LLM Systems,Agentic Systems & Orchestration,Technical,Designs systems where models plan and act through tools.,"Understands tool calling and the agent loop (plan, act, observe); knows why agents need constraints.",Designs good tool interfaces; builds single-agent workflows with sensible termination and confirmation points.,"Designs reliable multi-step agents (state, recovery, sandboxing, permissions, human-in-the-loop); knows when an agent is the wrong answer.","Expert in complex orchestration (multi-agent, long-running workflows, MCP-style standards) and safe constraint at scale.",Deep expertise; anticipates how increasing model autonomy changes system design.,Authority on agentic systems; may influence emerging industry standards.
AI-04,Engineering & Technology,AI & ML Engineering,AI Quality & Safety,AI Evaluation,Technical,Proves AI behavior is good enough to ship.,Understands why 'it looked right in testing' is insufficient; runs existing evals and labels carefully.,Builds basic eval sets from real usage; measures changes before shipping prompt/model updates.,"Designs eval methodology (golden sets, LLM-as-judge with validation, human review, helpfulness/groundedness/safety metrics).","Expert in eval at scale (continuous eval, A/B testing AI features, drift detection).",Deep expertise in measuring AI quality where ground truth is contested.,Mastery of the discipline; sets the bar for what 'proven to work' means.
AI-05,Engineering & Technology,AI & ML Engineering,AI Quality & Safety,Responsible AI & Guardrails,Technical,"Keeps AI behavior safe, honest and within bounds.","Understands that models can be harmful, biased or confidently wrong; flags concerning behavior.","Implements guardrails (filtering, refusal handling, grounding checks); designs honest UX.",Designs layered safety proportional to stakes; evaluates for bias/misuse before launch.,Expert in safety system design at scale; defines oversight and escalation frameworks.,Deep expertise balancing capability and safety under real product pressure.,Recognized authority; establishes responsible AI as a value; externally credible.
AI-06,Engineering & Technology,AI & ML Engineering,Data Preparation for ML,Feature engineering,Technical,Transforms raw data into informative features that improve model learning and performance.,Implements specified features and transformations under review.,Engineers standard features independently for routine modeling tasks.,Derives high-signal features for ambiguous problems and avoids leakage autonomously.,Defines feature-engineering patterns and leakage-prevention standards others adopt.,Sets feature strategy and anticipates advances in representation techniques.,Defines best practice for feature engineering across the discipline and is externally recognized.
AI-07,Engineering & Technology,AI & ML Engineering,Data Preparation for ML,Data labeling & dataset curation,Technical,"Assembles, labels, and curates representative datasets suitable for model training.",Labels data to clear guidelines and flags ambiguities under review.,"Curates and labels routine datasets independently, applying consistent guidelines.",Designs labeling schemes and resolves ambiguity and quality issues autonomously.,Defines curation and annotation-quality standards others adopt.,Sets dataset strategy and anticipates shifts in labeling and curation practice.,Defines industry best practice for dataset curation and is externally credible.
AI-08,Engineering & Technology,AI & ML Engineering,Data Preparation for ML,Feature stores & reuse,Technical,"Manages consistent, shareable feature definitions across training and serving.",Registers and retrieves features from a feature store under guidance.,Publishes and consumes reusable features independently for routine use.,Designs feature definitions ensuring consistency and freshness across uses autonomously.,Defines feature-store patterns and reuse governance others adopt.,Sets feature-reuse strategy and anticipates shifts in feature management.,Defines best practice for feature reuse across the discipline and is externally recognized.
AI-09,Engineering & Technology,AI & ML Engineering,Modeling & Training,Classical model training & selection,Technical,Trains and compares supervised and unsupervised models to fit the problem at hand.,Trains models with given settings and reports metrics under review.,Trains and selects standard models independently for routine problems.,Chooses and trains appropriate models for ambiguous problems and avoids overfitting autonomously.,Defines model-selection approaches others adopt and solves intractable modeling cases.,Sets modeling strategy and anticipates shifts in classical technique relevance.,Defines best practice for model selection across the discipline and is externally recognized.
AI-10,Engineering & Technology,AI & ML Engineering,Modeling & Training,Deep learning & neural architectures,Technical,"Designs and trains neural networks for complex perception, sequence, and representation tasks.",Trains predefined network architectures under review.,Adapts standard architectures independently for routine tasks.,Designs and debugs architectures for hard problems and convergence issues autonomously.,Defines architectural patterns others adopt and solves problems others cannot.,Sets neural-architecture strategy and anticipates emerging model designs.,Shapes industry practice for neural architecture and is externally credible.
AI-11,Engineering & Technology,AI & ML Engineering,Modeling & Training,Hyperparameter tuning & optimization,Technical,Systematically searches model configurations to maximize performance and generalization.,Runs prescribed tuning sweeps and reports results under guidance.,Tunes standard hyperparameters independently for routine models.,"Designs efficient search strategies for hard, high-dimensional spaces autonomously.",Defines tuning methodologies others adopt and solves stubborn optimization cases.,Sets optimization strategy and anticipates advances in search techniques.,Defines best practice for hyperparameter optimization and is externally recognized.
AI-12,Engineering & Technology,AI & ML Engineering,Modeling & Training,Mathematical & statistical foundations,Technical,"Applies linear algebra, calculus, and probability to reason about model behavior.",Applies basic mathematical and statistical concepts to tasks under guidance.,Applies foundational math and statistics correctly to routine modeling independently.,Reasons rigorously about hard mathematical and statistical aspects of problems autonomously.,Defines how foundational theory informs practice others adopt and corrects subtle errors.,Sets standards for mathematical rigor and anticipates relevant theoretical advances.,Recognized externally for advancing applied mathematical practice in the discipline.
AI-13,Engineering & Technology,AI & ML Engineering,Evaluation & Experimentation,Model evaluation & validation,Technical,"Assesses model accuracy, robustness, and generalization with sound validation methods.",Computes prescribed evaluation metrics under review.,Selects appropriate metrics and validation splits independently for routine cases.,"Designs sound evaluation for ambiguous, leakage-prone, or imbalanced cases autonomously.",Defines evaluation methodologies and validation standards others adopt.,Sets evaluation strategy and anticipates advances in validation practice.,Defines best practice for model evaluation across the discipline and is externally recognized.
AI-14,Engineering & Technology,AI & ML Engineering,Evaluation & Experimentation,Experimentation & A/B testing (ML),Technical,Designs controlled experiments to measure real-world impact of models and changes.,Executes designed experiments and reports outcomes under guidance.,Designs and runs standard experiments independently with correct basic analysis.,Designs rigorous experiments handling confounds and tricky readouts autonomously.,Defines experimentation frameworks and guardrails others adopt.,Sets experimentation strategy and anticipates advances in causal and online testing.,Defines best practice for ML experimentation and is externally credible.
AI-15,Engineering & Technology,AI & ML Engineering,Evaluation & Experimentation,"Bias, fairness & error analysis",Behavioral,Investigates model errors and disparate outcomes to guide responsible improvement.,Runs prescribed bias and error checks under review.,Performs standard fairness and error analysis independently for routine models.,Diagnoses subtle bias and failure modes in ambiguous cases and proposes remedies autonomously.,Defines fairness and error-analysis frameworks others adopt.,Sets fairness strategy and anticipates evolving ethical and regulatory expectations.,Shapes industry practice for fairness and error analysis and is externally recognized.
AI-16,Engineering & Technology,AI & ML Engineering,ML Operations & Lifecycle,ML pipeline & deployment (MLOps),Technical,"Automates training, packaging, and deployment of models into reliable production services.",Runs predefined training and deployment steps under review.,Builds and deploys routine ML pipelines independently with normal automation.,"Designs reliable, reproducible deployment pipelines for hard cases autonomously.",Defines MLOps patterns and deployment standards others adopt.,Sets MLOps strategy and anticipates shifts in lifecycle automation.,Defines best practice for ML operations across the discipline and is externally recognized.
AI-17,Engineering & Technology,AI & ML Engineering,ML Operations & Lifecycle,Model monitoring & drift detection,Technical,Tracks live model quality and data drift to trigger retraining or rollback.,Watches configured monitors and reports alerts under guidance.,Sets up standard performance and drift monitoring independently.,Designs monitoring that catches subtle drift and degradation autonomously and triages causes.,Defines monitoring and drift-detection patterns others adopt.,Sets monitoring strategy and anticipates advances in drift detection.,Defines best practice for model monitoring and is externally credible.
AI-18,Engineering & Technology,AI & ML Engineering,ML Operations & Lifecycle,Model & experiment versioning,Technical,"Tracks datasets, models, and experiments for reproducibility and auditability.",Records model and experiment versions per process under review.,"Manages standard versioning of models, data, and experiments independently.",Designs reproducible versioning across complex experiment lineages autonomously.,Defines versioning and reproducibility standards others adopt.,Sets versioning strategy and anticipates shifts in reproducibility practice.,Defines best practice for model and experiment versioning and is externally recognized.
AI-19,Engineering & Technology,AI & ML Engineering,ML Operations & Lifecycle,Model serving & inference optimization,Technical,"Exposes models for low-latency, scalable inference across batch and real-time use.",Deploys models to a serving setup with given configs under review.,Serves models independently and applies standard latency and throughput tuning.,"Optimizes serving for hard latency, scale, and cost constraints autonomously.",Defines serving and inference-optimization patterns others adopt.,Sets serving strategy and anticipates advances in inference efficiency.,Defines best practice for model serving across the discipline and is externally recognized.
AI-20,Engineering & Technology,AI & ML Engineering,ML Operations & Lifecycle,Problem framing & ML solution design,Behavioral,"Translates ambiguous business problems into well-posed, feasible ML approaches.",Translates a clearly scoped problem into a defined ML task under guidance.,Frames routine problems as appropriate ML solutions independently.,Frames ambiguous business problems into sound ML or non-ML approaches autonomously.,Defines solution-design patterns others adopt and reframes intractable problems.,Sets ML solution strategy and anticipates where applicable techniques are heading.,Defines best practice for ML problem framing across the discipline and is externally recognized.
AI-21,Engineering & Technology,AI & ML Engineering,AI Quality & Safety,AI risk governance,Behavioral,"Assesses and governs the risk of AI systems through their lifecycle - classifying systems against recognized risk frameworks, converting findings into engineering requirements with owners, and keeping the evidence trail (evals, controls, incidents) audit-ready as systems and regulation change.",Completes the risk checklist for their change accurately - identifying who is affected if the model is wrong - and escalates anything the checklist doesn't cover.,"Assesses a feature's failure impact before build (misuse, error harm, disparate performance across user groups) and documents mitigations and residual risk unprompted.","Classifies a domain against the applicable risk framework, keeps its evidence pack (evals, controls, incidents) audit-ready, converts findings into engineering requirements with owners, and flags when a product change alters the risk class.","Operates a cross-team AI risk-review process - fast enough that teams use it honestly, rigorous enough to catch real issues - and builds governance tooling that makes compliance a byproduct of normal engineering.","Owns an organization's AI governance program jointly with legal and risk functions, translating regulation into engineering requirements without freezing delivery.","Positions a company ahead of AI regulation; accountable to executives, boards, and regulators for where the risk lines are drawn."
OPS-01,Engineering & Technology,"Systems, Infrastructure & Operations",Infrastructure,Cloud & Infrastructure Engineering,Technical,"Engineers compute, network, storage and IaC.",Makes guided changes to existing infra; understands core cloud services.,Independently builds and manages standard resources using IaC.,"Designs infra for scale, cost and resilience across a domain.",Expert in infra platforms used by many teams; owns major cost strategy.,Sets org infrastructure direction.,Trusted with company-level platform bets; defines infra strategy.
OPS-02,Engineering & Technology,"Systems, Infrastructure & Operations",Infrastructure,CI/CD & Delivery Engineering,Technical,"Builds the build, test, release and deploy pipeline.",Uses and makes guided fixes to existing pipelines.,Independently builds and improves pipelines for their area.,"Designs deployment safety (progressive delivery, rollback) for a domain.",Expert in delivery engineering at scale; sets standards across teams.,Defines the org's delivery/release philosophy.,Advances release engineering practice company-wide.
OPS-03,Engineering & Technology,"Systems, Infrastructure & Operations",Infrastructure,Distributed Systems,Technical,Reasons about systems spanning many machines.,"Understands the basics (timeouts, retries, idempotency) conceptually.",Correctly applies distributed patterns in scoped work.,"Designs for distributed failure modes (consistency, partitioning, backpressure).",Expert in distributed systems at scale; anticipates emergent failure.,Shapes how the org builds at scale.,Authority on distributed design; influences the field.
OPS-04,Engineering & Technology,"Systems, Infrastructure & Operations",Operations,Reliability & Production Operations,Technical,Keeps services healthy; designs for failure.,Understands SLOs and common failure modes; keeps components healthy with guidance.,"Builds retries, timeouts and fallbacks; understands blast radius.",Designs for graceful degradation; defines SLOs; accountable for a domain's reliability.,Expert in resilience and capacity planning at scale; drives down incidents systemically.,Owns org-level reliability; fixes risk in process and org design.,Sets the company's reliability philosophy.
OPS-05,Engineering & Technology,"Systems, Infrastructure & Operations",Operations,Observability & Instrumentation,Technical,Makes system behavior visible.,Understands logs/metrics/traces; reads existing dashboards.,Instruments their services; builds dashboards; tunes alerts to limit noise.,"Designs observability for complex systems (end-to-end traces, quality signals, cost attribution).","Expert in instrumentation trade-offs at scale, incl. privacy-safe logging.",Defines org observability strategy.,Shapes company-wide operational visibility; advances practice.
OPS-06,Engineering & Technology,"Systems, Infrastructure & Operations",Operations,Incident Response,Technical,Responds to and learns from production incidents.,Responds to alerts with support; follows runbooks; escalates appropriately.,Triages and resolves routine incidents; clear notes; takes on-call.,Leads response to complex failures; blameless postmortems; same failure never recurs.,"Expert in incident-management design (rotations, severity, escalation).",Commands the highest-severity incidents; sets incident process org-wide.,Sets the company's incident philosophy; calm authority in the worst moments.
OPS-07,Engineering & Technology,"Systems, Infrastructure & Operations",Operations,Cost & Performance Optimization,Technical,Keeps systems fast and economical.,Understands cost/latency drivers of what they build.,Applies standard optimizations; stays within cost/latency budgets.,Designs cost-aware architectures; defines and tracks unit economics for a domain.,"Expert in economics at scale (fleet optimization, build-vs-buy).",Owns org-level spend strategy; cost decisions change margins.,Shapes the company economics of the products.
OPS-08,Engineering & Technology,"Systems, Infrastructure & Operations",Security,Application & Systems Security,Technical,Builds secure-by-default systems.,Understands core appsec; follows practices and flags concerns.,Applies least privilege; validates/sanitizes inputs; knows common attacks.,Designs defense in depth; thinks in abuse cases; owns a domain's posture.,Expert in securing systems at scale; leads red-teaming and remediation.,Defines security strategy for the org's surface area.,Company-level accountability; authority on the field.
OPS-09,Engineering & Technology,"Systems, Infrastructure & Operations",Security,Privacy & Compliance Engineering,Technical,"Bakes privacy, audit and regulatory controls into systems.",Knows data handling has privacy implications; follows rules.,"Applies PII handling, redaction, residency and retention correctly.","Designs for compliance (consent, audit trails, regional rules); owns readiness for a domain.",Expert at translating regulation into controls; represents engineering in audits.,Sets org compliance strategy; anticipates regulation.,Authoritative on the landscape; trusted interface to regulators.
OPS-10,Engineering & Technology,"Systems, Infrastructure & Operations",Provisioning & Configuration,Infrastructure as code & provisioning,Technical,Define and version infrastructure declaratively to provision repeatable environments.,"Writes simple declarative resource definitions from templates, applying them under review in non-production environments.","Independently provisions standard infrastructure stacks, manages state and variables, and handles routine drift with normal review.","Designs reusable modules for ambiguous needs, structures state safely, and is the go-to for tricky provisioning failures.","Defines the provisioning patterns and module conventions others adopt, solving thorny dependency and idempotency problems.","Sets the organization-wide IaC strategy, governance, and standards, anticipating shifts in declarative provisioning practice.","Defines what good infrastructure-as-code means for the field, shaping provisioning practices recognized across the industry."
OPS-11,Engineering & Technology,"Systems, Infrastructure & Operations",Provisioning & Configuration,Configuration management & desired-state enforcement,Technical,Automate system configuration and continuously converge hosts to a defined target state.,"Applies predefined configuration policies to hosts under supervision, verifying convergence against the declared desired state.","Authors and maintains standard configuration definitions independently, remediating routine drift with normal review.","Designs idempotent configuration for ambiguous cases, manages secrets and ordering, and resolves hard convergence failures.","Defines the configuration architecture and enforcement model others adopt, solving deep drift and idempotency problems.","Sets strategy for desired-state enforcement across the estate, anticipating where configuration management is heading.","Defines industry standards for desired-state enforcement, externally credible in shaping configuration practice."
OPS-12,Engineering & Technology,"Systems, Infrastructure & Operations",Provisioning & Configuration,Image & artifact building / golden baselines,Technical,"Produce hardened, reproducible machine and application images for consistent deployment.","Builds images from existing recipes under review, verifying contents match the documented baseline.",Independently maintains image build pipelines and updates baselines for routine patches and version changes.,"Designs hardened, minimal golden images for ambiguous needs and resolves tricky reproducibility and provenance issues.","Defines the baseline strategy and build conventions others adopt, solving layering, supply-chain, and drift problems.","Sets organization-wide standards for image lifecycle and provenance, anticipating shifts in artifact-building practice.","Defines what a trustworthy golden baseline means for the discipline, shaping industry artifact-integrity practice."
OPS-13,Engineering & Technology,"Systems, Infrastructure & Operations",Provisioning & Configuration,Environment & release promotion strategy,Technical,"Design promotion paths and parity across dev, staging, and production environments.","Promotes builds through predefined environment stages under review, following the documented gating checklist.","Independently manages standard promotion flows across environments, handling routine approvals and rollbacks with review.","Designs promotion paths and gates for ambiguous release scenarios, resolving hard environment-parity and rollback issues.","Defines the promotion model and gating strategy others adopt, solving complex multi-stage and dependency problems.","Sets organization-wide release-promotion strategy, anticipating how environment progression and gating should evolve.","Defines what disciplined release promotion means for the field, shaping industry environment-strategy practice."
OPS-14,Engineering & Technology,"Systems, Infrastructure & Operations",Compute & Workload Orchestration,Container orchestration & scheduling,Technical,"Schedule, place, and manage containerized workloads across a cluster of compute nodes.","Deploys workloads to an existing orchestrator under review, adjusting basic scheduling settings from examples.","Independently operates orchestrated workloads, manages routine scaling, placement, and health checks with normal review.","Designs scheduling, affinity, and resource policies for ambiguous workloads and resolves hard orchestration failures.","Defines cluster topology and scheduling patterns others adopt, solving deep placement, contention, and lifecycle problems.","Sets organization-wide orchestration strategy and standards, anticipating where workload scheduling is heading.","Defines what effective orchestration means for the discipline, externally credible in shaping scheduling practice."
OPS-15,Engineering & Technology,"Systems, Infrastructure & Operations",Compute & Workload Orchestration,Containerization & workload packaging,Technical,"Package applications and dependencies into portable, isolated runtime units.","Packages applications into containers from existing recipes under review, verifying they run as expected.","Independently builds and maintains container images, managing dependencies and layers for routine workloads with review.","Designs minimal, secure, reproducible packaging for ambiguous workloads and resolves tricky runtime and size issues.","Defines packaging conventions and base-image strategy others adopt, solving deep build-efficiency and isolation problems.","Sets organization-wide containerization standards, anticipating shifts in workload packaging and runtime practice.","Defines what good workload packaging means for the field, shaping industry containerization practice."
OPS-16,Engineering & Technology,"Systems, Infrastructure & Operations",Compute & Workload Orchestration,Capacity & autoscaling design,Technical,Plan compute capacity and design elastic scaling to meet variable demand.,"Adjusts capacity settings within defined limits under review, monitoring basic utilization against thresholds.","Independently configures standard autoscaling rules and capacity buffers, tuning routine thresholds with normal review.","Designs scaling policies and capacity models for ambiguous, bursty demand and resolves hard scaling-stability issues.","Defines the capacity-planning and autoscaling approach others adopt, solving complex demand-prediction and cost-tradeoff problems.","Sets organization-wide capacity strategy, anticipating demand shifts and how scaling design should evolve.","Defines what sound capacity and autoscaling design means for the discipline, shaping industry practice."
OPS-17,Engineering & Technology,"Systems, Infrastructure & Operations",Compute & Workload Orchestration,Operating system & host administration,Technical,"Administer, harden, and tune host operating systems and their runtime services.","Performs routine host tasks like updates and user setup under review, following documented procedures.","Independently administers hosts, manages packages, services, and permissions, troubleshooting routine issues with review.","Tunes and hardens hosts for ambiguous workloads and diagnoses hard kernel, resource, and performance problems.","Defines host-administration standards and hardening baselines others adopt, solving deep OS-level and tuning problems.","Sets organization-wide host-management strategy, anticipating shifts in operating-system administration practice.","Defines what excellent host administration means for the field, externally credible in shaping OS practice."
OPS-18,Engineering & Technology,"Systems, Infrastructure & Operations",Compute & Workload Orchestration,Storage & data persistence design,Technical,"Design block, object, and file storage for durability, performance, and access patterns.","Provisions and attaches storage from defined options under review, verifying capacity and access settings.","Independently manages storage volumes, snapshots, and routine persistence configuration with normal review.","Designs persistence schemes balancing durability, performance, and cost for ambiguous needs, resolving hard data-integrity issues.","Defines storage architecture and persistence patterns others adopt, solving deep consistency, replication, and performance problems.","Sets organization-wide storage and persistence strategy, anticipating where data-durability design is heading.","Defines what sound data-persistence design means for the discipline, shaping industry storage practice."
OPS-19,Engineering & Technology,"Systems, Infrastructure & Operations",Networking & Connectivity,Network design & routing,Technical,"Architect network topologies, subnets, and routing for connectivity and segmentation.","Configures basic network segments and routes from designs under review, verifying connectivity.","Independently builds standard network topologies, manages routing and segmentation for routine needs with review.",Designs routing and addressing schemes for ambiguous topologies and diagnoses hard reachability and routing failures.,"Defines network architecture and routing patterns others adopt, solving deep segmentation, scale, and convergence problems.","Sets organization-wide network strategy and standards, anticipating shifts in network design and routing.","Defines what good network design means for the field, externally credible in shaping routing practice."
OPS-20,Engineering & Technology,"Systems, Infrastructure & Operations",Networking & Connectivity,Load balancing & traffic management,Technical,Distribute and shape traffic across endpoints for availability and performance.,"Configures basic load-balancing rules from templates under review, verifying traffic reaches healthy targets.","Independently manages standard balancing, health checks, and routing rules for routine traffic with review.",Designs traffic-distribution and failover policies for ambiguous patterns and resolves hard balancing and session issues.,"Defines traffic-management patterns others adopt, solving deep distribution, affinity, and graceful-degradation problems.","Sets organization-wide traffic-management strategy, anticipating how load distribution and routing should evolve.","Defines what effective traffic management means for the discipline, shaping industry load-balancing practice."
OPS-21,Engineering & Technology,"Systems, Infrastructure & Operations",Networking & Connectivity,DNS & service discovery,Technical,Resolve names and dynamically locate services across distributed systems.,"Creates and edits basic name records under review, verifying resolution behaves as documented.","Independently manages zones, records, and standard service-registration for routine needs with normal review.","Designs resolution and discovery schemes for ambiguous, dynamic environments and resolves hard propagation and caching issues.","Defines naming and discovery architecture others adopt, solving deep resolution, failover, and registration problems.","Sets organization-wide naming and discovery strategy, anticipating shifts in service-discovery practice.","Defines what robust naming and discovery means for the field, shaping industry DNS and discovery practice."
OPS-22,Engineering & Technology,"Systems, Infrastructure & Operations",Networking & Connectivity,Network protocols & packet-level troubleshooting,Technical,Diagnose connectivity using knowledge of layered protocols and packet behavior.,Captures traffic and reads basic protocol fields under guidance to confirm expected behavior.,Independently traces standard protocol exchanges and diagnoses routine connectivity faults from captures with review.,"Dissects complex multi-layer exchanges for ambiguous faults and resolves hard latency, fragmentation, and handshake issues.","Defines packet-analysis methods others adopt, solving deep protocol-interaction and elusive intermittent-failure problems.","Sets organization-wide troubleshooting standards and tooling direction, anticipating protocol-behavior challenges.","Defines what rigorous packet-level diagnosis means for the discipline, externally credible in protocol practice."
OPS-23,Engineering & Technology,"Systems, Infrastructure & Operations",Networking & Connectivity,"Edge, CDN & content delivery",Technical,Cache and serve content near users to reduce latency and origin load.,"Configures basic caching and delivery rules from templates under review, verifying content serves correctly.","Independently manages edge caching, invalidation, and routing for routine content with normal review.",Designs delivery and caching strategies for ambiguous traffic and resolves hard cache-coherence and edge-routing issues.,"Defines edge-delivery architecture others adopt, solving deep caching, origin-offload, and latency problems.","Sets organization-wide content-delivery strategy, anticipating shifts in edge and distribution practice.","Defines what excellent content delivery means for the field, shaping industry edge and CDN practice."
OPS-24,Engineering & Technology,"Systems, Infrastructure & Operations",Networking & Connectivity,Secure connectivity & network perimeter,Technical,"Establish encrypted tunnels, gateways, and boundaries between trust zones.","Applies predefined firewall and tunnel rules under review, verifying allowed and blocked paths behave correctly.","Independently manages standard perimeter controls, secure tunnels, and segmentation rules with normal review.",Designs perimeter and encrypted-connectivity schemes for ambiguous needs and resolves hard isolation and access issues.,"Defines perimeter architecture and secure-connectivity patterns others adopt, solving deep segmentation and trust problems.","Sets organization-wide perimeter and secure-connectivity strategy, anticipating shifts in network-security practice.","Defines what strong network perimeter design means for the discipline, externally credible in shaping practice."
OPS-25,Engineering & Technology,"Systems, Infrastructure & Operations",Resilience & Continuity,"Backup, DR & business continuity",Technical,"Plan backups, recovery objectives, and failover to survive disruptive events.","Runs scheduled backups and restore tests under review, verifying jobs complete and data is recoverable.","Independently manages backup schedules, retention, and routine restores, validating recovery points with review.","Designs backup and recovery schemes for ambiguous needs, meeting recovery objectives and resolving hard restore issues.","Defines continuity architecture and recovery patterns others adopt, solving deep cross-failure and dependency problems.","Sets organization-wide continuity strategy and recovery objectives, anticipating evolving business-continuity needs.","Defines what credible business continuity means for the discipline, shaping industry disaster-recovery practice."
OPS-26,Engineering & Technology,"Systems, Infrastructure & Operations",Resilience & Continuity,High availability & fault-tolerance design,Technical,Eliminate single points of failure through redundancy and graceful degradation.,"Configures basic redundancy and failover from designs under review, verifying standby paths activate.",Independently builds standard redundant setups and failover behavior for routine services with normal review.,"Designs availability schemes for ambiguous failure modes and resolves hard split-brain, quorum, and failover issues.","Defines fault-tolerance patterns others adopt, solving deep redundancy, isolation, and graceful-degradation problems.","Sets organization-wide availability strategy and targets, anticipating where resilience design is heading.","Defines what genuine fault tolerance means for the discipline, externally credible in shaping availability practice."
OPS-27,Engineering & Technology,"Systems, Infrastructure & Operations",Resilience & Continuity,Platform & developer-experience engineering,Technical,Build self-service internal platforms and paved paths that streamline delivery.,"Maintains existing self-service platform components under review, addressing documented user requests.",Independently builds and supports standard platform capabilities and templates for routine developer needs with review.,"Designs self-service workflows for ambiguous needs, reducing friction and resolving hard abstraction and adoption issues.","Defines platform architecture and golden paths others adopt, solving deep developer-experience and leverage problems.","Sets organization-wide platform strategy, anticipating how developer-experience engineering should evolve.","Defines what excellent platform engineering means for the field, shaping industry developer-experience practice."
OPS-28,Engineering & Technology,"Systems, Infrastructure & Operations",Operating Mindset,Automation-first operations,Behavioral,Default to eliminating toil by automating repetitive operational work.,"Runs and lightly edits existing automation under review, flagging tasks that remain manual.",Independently automates routine operational tasks and integrates them into standard workflows with normal review.,"Designs automation for ambiguous, error-prone toil and resolves hard reliability and orchestration issues in pipelines.","Defines automation patterns and toil-elimination practices others adopt, solving deep workflow and safety problems.","Sets organization-wide automation strategy, anticipating where automation-first operations should head.","Defines what automation-first operations means for the discipline, externally credible in shaping the practice."
OPS-29,Engineering & Technology,"Systems, Infrastructure & Operations",Operating Mindset,Systems thinking & failure-mode reasoning,Behavioral,Reason about emergent behavior and cascading failures across interdependent systems.,"Traces simple cause-and-effect across components under guidance, identifying obvious failure points.",Independently maps standard system interactions and reasons through routine failure modes with normal review.,"Analyzes emergent behavior and cascading failures in ambiguous systems, anticipating non-obvious failure interactions.","Defines failure-mode reasoning methods others adopt, solving deep systemic and feedback-loop problems others miss.","Sets organization-wide approaches to systems reasoning, anticipating where complex-failure analysis is heading.","Defines what rigorous systems thinking means for the discipline, externally credible in shaping the practice."
OPS-30,Engineering & Technology,"Systems, Infrastructure & Operations",Operations,Progressive Delivery & Release Safety,Technical,"Manages how change reaches production safely — decoupling deploy from release with feature flags, staged and canary rollouts, rollback readiness, and migration sequencing that bounds the blast radius of every change.","Follows the release process exactly — flags, staged rollout steps, verification checklists — verifies their change in production, and rolls back with guidance.","Ships behind flags with a rollback plan by default, monitors rollouts and reverts on their own judgment when signals degrade, and writes changes that tolerate both versions running during rollout.","Designs the rollout for risky changes — canary criteria, migration sequencing, flag lifecycle, kill switches — and reviews others' rollout plans for blast radius; the person teams ask how to ship something safely.","Builds progressive-delivery machinery multiple teams release through (flag platforms, automated canary analysis, automated rollback), retiring deploy patterns that cause repeat incidents and measurably raising deploy frequency.","Owns release policy for an organization and its delivery metrics — rollout standards, freeze rules, environment strategy — dismantling ceremony that adds no safety.","Sets how an entire company's software reaches customers — the risk posture products ship under — and defends it to executives, auditors, and regulators."
OPS-31,Engineering & Technology,"Systems, Infrastructure & Operations",Operating Mindset,Thinnest viable platform scoping,Behavioral,"Scopes an internal platform to the smallest set of APIs, tools, docs, and services that accelerates its consumers - making explicit build-buy-adopt decisions and retiring surface area that no longer earns its maintenance cost.","Checks for an existing tool, service, or open-source option before writing new code and raises what they find; asks whether a proposed task serves a real user need.","Proposes wrapping or configuring an existing service instead of building new when it meets the need, writing the comparison down and defending removal of unused features in their own component.","Keeps a whole capability at its thinnest viable size - makes explicit, documented build-buy-adopt decisions, ships the thinnest version that serves proven demand, and retires surface area whose maintenance cost exceeds its value.","Arbitrates overlap and sprawl across teams - merges duplicate offerings, cuts under-used surface, and sets the bar for what deserves to be shared platform at all.",Shapes the organization's platform boundary - what the platform owns versus product teams versus vendors - and drives the organization to shed what it should not own.,"Sets the build-buy-adopt principles an entire company references, keeping company-scale platform investment proportional to the delivery it unlocks."
OPS-32,Engineering & Technology,"Systems, Infrastructure & Operations",Operating Mindset,Cognitive-load management & abstraction design,Behavioral,"Designs tooling, interfaces, and abstractions to minimize the extraneous cognitive load imposed on the teams that consume them - deciding deliberately what consumers must and must not need to know, and measuring the load imposed.","Names the exact docs, errors, and setup steps that forced them to understand internals a consumer should not need, and files concrete simplification issues.","Reduces the concepts and steps a consumer must hold to use their component - collapsing configuration, defaulting decisions, rewriting errors to say what to do next - and shows the before/after.","Designs a capability's abstractions around what consumers must not have to know, so a first-time user succeeds without reading internals; measures load with time-to-first-success and support-ticket themes and treats regressions as defects.","Audits cognitive load across team boundaries - quantifying onboarding time, concepts-to-learn, and ticket themes - and drives the cross-boundary simplifications no single team could make.","Makes cognitive load a first-class organizational measure with explicit load budgets, vetoing designs that externalize complexity onto consuming teams.","Shapes company-level technology and team-boundary choices explicitly around team cognitive load, arguing for fewer, deeper abstractions over sprawling optionality."
SEC-01,Engineering & Technology,Security Engineering,Identity & Access,Identity & access management,Technical,"Govern identities, authentication, and least-privilege authorization across systems.","Provisions and deprovisions accounts from documented procedures, with approvals and access reviewed before activation.","Configures roles, group membership, and authentication factors independently for standard joiners, movers, and leavers.","Resolves complex entitlement conflicts and designs least-privilege role models for ambiguous, cross-system access needs.",Defines the identity lifecycle and authorization architecture that other engineers adopt across the organization.,"Sets identity strategy, governs federation and privileged-access standards, and anticipates emerging access risks.",Defines what sound identity practice means for the field and shapes how others govern access.
SEC-02,Engineering & Technology,Security Engineering,Identity & Access,Secrets & key management,Technical,"Securely generate, store, rotate, and distribute credentials and keys.","Stores and retrieves secrets using approved vaults, following rotation and handling procedures under review.","Configures secret storage, rotation schedules, and access scoping independently for routine services.",Designs key hierarchies and rotation strategies for complex systems with conflicting availability and security constraints.,Defines the secrets and key-management architecture and lifecycle others implement organization-wide.,Sets cryptographic-key governance and custody strategy and anticipates risks from emerging key threats.,Defines authoritative practice for secret and key stewardship that practitioners across the field adopt.
SEC-03,Engineering & Technology,Security Engineering,Identity & Access,Cryptography & data protection,Technical,"Apply encryption, hashing, and key practices to protect data at rest and in transit.","Applies approved encryption settings and protects data following documented schemes, with choices reviewed.",Selects and configures standard cryptographic primitives and data-protection controls independently for common cases.,Designs encryption schemes and key-usage patterns for ambiguous threat and compliance trade-offs.,Defines the cryptographic and data-protection patterns others reuse and resolves problems they cannot.,Sets cryptographic standards and migration strategy and anticipates shifts such as quantum-resistant needs.,Defines what sound applied cryptography means for the discipline and influences industry data-protection norms.
SEC-04,Engineering & Technology,Security Engineering,Identity & Access,Zero-trust & policy-based access control,Technical,"Enforce continuous, context-aware authorization rather than implicit network trust.","Implements access policies from defined rules, verifying identity and context before granting under review.","Authors and tests policy rules for standard resources, enforcing context-aware checks independently.",Designs segmentation and policy models that resolve ambiguous trust boundaries and hard exceptions.,Defines the zero-trust architecture and policy framework other teams adopt.,Sets the organization's zero-trust strategy and anticipates how trust models must evolve.,Defines what mature zero-trust means for the field and shapes how the industry approaches it.
SEC-05,Engineering & Technology,Security Engineering,Defensive Security,Threat modeling,Technical,"Systematically identify assets, threats, and attack surfaces to guide defenses.","Documents assets, entry points, and obvious threats for a component using a guided method, reviewed by others.","Produces complete threat models for standard systems independently, identifying realistic threats and mitigations.","Models complex, ambiguous architectures and prioritizes subtle, chained threats others miss.",Defines the threat-modeling methodology and reusable patterns others adopt across teams.,Sets threat-modeling strategy and anticipates classes of threats before they become prevalent.,Defines authoritative threat-modeling practice that shapes how the discipline reasons about risk.
SEC-06,Engineering & Technology,Security Engineering,Defensive Security,Vulnerability management & remediation,Technical,"Discover, prioritize, and drive remediation of weaknesses across the estate.","Triages and tracks scanner findings, verifying fixes against documented severity and remediation steps.","Independently validates, prioritizes, and coordinates remediation for routine vulnerabilities through closure.","Resolves ambiguous, hard-to-reproduce, or high-impact vulnerabilities and sets local remediation standards.",Defines the vulnerability-management lifecycle and prioritization approach others follow.,Sets enterprise remediation strategy and anticipates exposure trends across the portfolio.,Defines what effective vulnerability management means for the field and influences its practice.
SEC-07,Engineering & Technology,Security Engineering,Defensive Security,Security monitoring & detection,Technical,"Collect, correlate, and alert on signals to detect malicious activity.","Monitors alerts and triages events against documented playbooks, escalating uncertain cases for review.","Tunes detections and investigates standard alerts independently, reducing routine false positives.",Authors high-fidelity detections for novel and ambiguous adversary behavior across noisy signals.,Defines detection engineering methods and coverage strategy that other analysts adopt.,Sets monitoring and detection strategy and anticipates evasion techniques before they appear.,Defines authoritative detection practice and shapes how the discipline approaches monitoring.
SEC-08,Engineering & Technology,Security Engineering,Defensive Security,Security hardening & baseline configuration,Technical,Reduce attack surface by applying secure configuration standards to systems.,Applies hardening baselines from checklists and verifies configurations against documented standards.,Hardens standard systems independently and adapts baselines to routine configuration variation.,"Designs hardening baselines for complex systems, balancing security against operational constraints.",Defines the hardening standards and reusable baselines other teams adopt.,Sets configuration-security strategy and anticipates hardening needs for emerging platforms.,Defines what authoritative hardening practice means for the field and influences accepted baselines.
SEC-09,Engineering & Technology,Security Engineering,Defensive Security,Supply-chain & artifact security,Technical,"Verify provenance and integrity of dependencies, builds, and deployed artifacts.","Verifies artifact provenance and signatures following documented checks, escalating anomalies for review.","Configures signing, dependency scanning, and provenance controls independently for standard pipelines.","Designs artifact-integrity and dependency-trust controls for complex, ambiguous supply chains.",Defines the supply-chain security architecture and verification patterns others adopt.,Sets supply-chain assurance strategy and anticipates emerging artifact and dependency threats.,Defines authoritative supply-chain security practice that shapes industry expectations.
SEC-10,Engineering & Technology,Security Engineering,Defensive Security,Digital forensics & malware analysis,Technical,"Investigate compromises by analyzing artifacts, evidence, and malicious code.","Collects and preserves evidence following chain-of-custody procedures, with analysis reviewed.","Conducts standard forensic examinations and basic malware triage independently, documenting findings.",Reconstructs complex incidents and reverse-engineers obfuscated samples others cannot interpret.,Defines forensic and analysis methodologies and tooling approaches others adopt.,Sets investigative strategy and anticipates evolving anti-forensic and malware techniques.,Defines authoritative forensic and malware-analysis practice that shapes the discipline.
SEC-11,Engineering & Technology,Security Engineering,Offensive Security,Penetration testing & offensive security,Technical,Emulate adversaries to find and demonstrate exploitable weaknesses.,"Executes scoped test cases under guidance, documenting findings against an approved methodology.",Conducts standard penetration tests independently and reports exploitable findings with clear evidence.,"Chains subtle weaknesses into impactful attacks in ambiguous, well-defended environments.",Defines testing methodology and tradecraft that other testers adopt.,Sets offensive-testing strategy and anticipates attack surfaces before they are widely understood.,Defines what rigorous offensive testing means for the field and influences its practice.
SEC-12,Engineering & Technology,Security Engineering,Offensive Security,Adversarial testing of AI systems / red teaming,Technical,"Probe AI systems for jailbreaks, prompt injection, and unsafe or harmful behavior.","Runs predefined adversarial prompts and probes, recording model failures under guidance.","Designs and executes standard adversarial tests independently, documenting reproducible weaknesses.","Discovers novel, ambiguous failure modes and bypasses in well-guarded AI systems.",Defines AI red-teaming methodology and evaluation patterns others adopt.,Sets adversarial-AI testing strategy and anticipates emerging model attack classes.,Defines authoritative AI red-teaming practice that shapes how the field tests AI safety.
SEC-13,Engineering & Technology,Security Engineering,Offensive Security,Exploit development & weakness research,Technical,Research and weaponize flaws to validate real-world exploitability.,Reproduces known weaknesses and adapts existing proof-of-concepts under close review.,"Develops reliable exploits for standard, documented weakness classes independently.",Discovers and weaponizes novel weaknesses in hardened targets others cannot crack.,Defines research techniques and exploitation primitives other researchers adopt.,Sets weakness-research direction and anticipates new exploitation classes ahead of the field.,Defines authoritative exploit-research practice and shapes the discipline's frontier.
SEC-14,Engineering & Technology,Security Engineering,Offensive Security,Social engineering & human-factor testing,Technical,Assess susceptibility to manipulation through pretexting and phishing simulations.,Executes approved phishing or pretext scripts under supervision and records target responses.,Designs and runs standard social-engineering campaigns independently within agreed rules of engagement.,"Crafts convincing, context-aware pretexts that succeed against security-aware, ambiguous targets.",Defines human-factor testing methodology and ethical guardrails others adopt.,Sets human-factor testing strategy and anticipates evolving manipulation techniques.,Defines authoritative human-factor testing practice that shapes the discipline.
SEC-15,Engineering & Technology,Security Engineering,Governance & Mindset,"Security governance, risk & policy",Technical,"Frame risk, controls, and policy to align security with organizational obligations.","Maintains policy documents and risk-register entries following templates, reviewed before publication.",Drafts standard policies and assesses routine risks independently against established frameworks.,"Resolves ambiguous risk trade-offs and tailors governance for complex, contested contexts.",Defines the governance and risk frameworks other teams adopt.,Sets enterprise security governance strategy and anticipates regulatory and risk shifts.,Defines what sound security governance means for the field and influences external standards.
SEC-16,Engineering & Technology,Security Engineering,Governance & Mindset,Adversarial mindset & ethical conduct,Behavioral,Think like an attacker while operating within legal and ethical boundaries.,Questions assumptions on prompting and follows ethical and authorization rules under guidance.,Independently spots realistic abuse cases and consistently operates within ethical boundaries.,Anticipates subtle attacker reasoning in ambiguous situations while modeling sound ethical judgment.,Teaches adversarial thinking and ethical decision-making that others adopt as their model.,Sets the standard for ethical adversarial practice and anticipates emerging ethical dilemmas.,Defines what principled adversarial conduct means for the discipline and shapes its norms.
SEC-17,Engineering & Technology,Security Engineering,Governance & Mindset,Security awareness & shift-left advocacy,Behavioral,Champion secure practices early and embed security into everyday engineering.,Delivers prepared awareness material and flags security concerns early under guidance.,Tailors awareness content and embeds standard secure practices into routine team workflows independently.,"Drives security adoption in resistant, ambiguous contexts and sets the local shift-left standard.",Defines awareness and shift-left programs other teams adopt.,Sets the organization's security-culture strategy and anticipates shifts in developer behavior.,Defines what effective security culture means for the field and influences how it is fostered.
SEC-18,Engineering & Technology,Security Engineering,Defensive Security,Guardrails & policy as code,Technical,"Encodes preventive controls as versioned, tested, automatically enforced policy - admission checks, pipeline gates, configuration rules - with actionable violation messages and governed exception paths, so the safe way is the default way.","Works within existing guardrails, reads a policy violation to its cause instead of requesting an exception, and explains what each guardrail protects against.","Writes and tests policy rules for a component - admission checks, pipeline gates - with low false-positive rates and violation messages that tell the user how to comply.","Designs the guardrail architecture for a capability - what is blocked, warned, or audited, with documented threat reasoning - tuned so the safe path is the fast path, and runs an audited exception workflow without becoming the bottleneck.","Harmonizes policy across teams into a coherent, versioned policy library with a governed exception process, and adjudicates escalated safety-versus-velocity disputes.","Owns an organization's preventive-control strategy with security partners - the control catalog, its coverage, and the evidence it works - moving enforcement from review-time to platform-time.","Sets an organization-defining balance of enablement and control, accountable for guardrails that hold under audit and attack without throttling delivery."
QA-01,Engineering & Technology,Quality Engineering & Test,Test Strategy & Design,Test strategy & planning,Technical,"Defining test scope, levels, priorities, and coverage goals aligned to risk and product objectives.","Drafts test plans from templates for defined features, reviewed before execution.","Produces complete test strategies for standard projects independently, scoping coverage and risk.","Devises test strategies for ambiguous, high-risk programs balancing coverage, time, and cost.",Defines the test-strategy approach and planning patterns other teams adopt.,Sets organizational quality strategy and anticipates how testing must evolve with delivery.,Defines what effective test strategy means for the discipline and influences its practice.
QA-02,Engineering & Technology,Quality Engineering & Test,Test Strategy & Design,Test case design & techniques,Technical,"Deriving effective test cases using equivalence, boundary, decision-table, and state-based techniques.","Writes test cases from clear requirements using prescribed techniques, reviewed for coverage.","Designs effective test cases independently, applying standard techniques to cover routine variation.","Designs minimal, high-yield cases for ambiguous requirements and complex condition combinations.",Defines case-design techniques and reusable patterns others adopt.,Sets case-design standards and anticipates techniques needed for new system classes.,Defines authoritative test-design practice that shapes how the discipline designs tests.
QA-03,Engineering & Technology,Quality Engineering & Test,Test Strategy & Design,Exploratory & manual testing,Technical,"Unscripted investigative testing to uncover defects, usability issues, and unspecified behaviors.",Executes guided exploratory sessions and reports defects clearly under review.,"Runs self-directed exploratory sessions independently, uncovering issues beyond scripted cases.","Uncovers subtle, high-impact defects in ambiguous areas through skilled exploratory charters.",Defines exploratory methods and charters others adopt to find what scripts miss.,Sets exploratory-testing strategy and anticipates where investigative effort yields most value.,Defines authoritative exploratory practice that shapes how the discipline explores quality.
QA-04,Engineering & Technology,Quality Engineering & Test,Test Strategy & Design,Risk-based & shift-left quality,Behavioral,Prioritizing quality effort by risk and embedding testing early across the delivery lifecycle.,Identifies obvious quality risks and contributes early-stage checks under guidance.,Prioritizes routine testing by risk and embeds standard quality checks early independently.,"Drives risk-based focus across ambiguous, high-stakes work and sets the local shift-left standard.",Defines the risk-based and shift-left approach other teams adopt.,Sets organizational risk-based quality strategy and anticipates where quality must move earlier.,Defines what mature shift-left quality means for the field and influences its adoption.
QA-05,Engineering & Technology,Quality Engineering & Test,Test Automation,Test automation architecture,Technical,"Designing maintainable, layered automation frameworks and reusable test infrastructure.",Adds tests to an existing automation framework following established patterns under review.,"Builds and extends automation suites independently using sound, maintainable structure.","Designs resilient automation frameworks for complex, ambiguous systems and flaky conditions.",Defines the automation architecture and patterns other engineers adopt.,Sets automation strategy and anticipates architectural needs as systems and pipelines evolve.,Defines authoritative test-automation architecture that shapes how the discipline builds it.
QA-06,Engineering & Technology,Quality Engineering & Test,Test Automation,UI & end-to-end automation,Technical,Automating user-facing flows reliably across interfaces while minimizing flakiness.,"Automates defined UI flows using existing patterns, with scripts reviewed for reliability.",Builds and maintains stable end-to-end UI tests independently for standard journeys.,"Stabilizes flaky, complex end-to-end flows and designs resilient locator and wait strategies.",Defines UI and end-to-end automation patterns others adopt for reliability at scale.,Sets end-to-end automation strategy and anticipates challenges from evolving interfaces.,Defines authoritative end-to-end automation practice that shapes the discipline.
QA-07,Engineering & Technology,Quality Engineering & Test,Test Automation,API & service-level testing,Technical,"Validating contracts, integrations, and service behavior below the user interface.","Executes and extends API tests from examples, validating responses under review.",Designs and automates service-level tests independently for standard contracts and flows.,"Tests complex service interactions, contracts, and edge behaviors in ambiguous integrations.",Defines service-testing and contract-verification patterns others adopt.,Sets service-level testing strategy and anticipates needs as service architectures evolve.,Defines authoritative service-testing practice that shapes how the discipline tests services.
QA-08,Engineering & Technology,Quality Engineering & Test,Test Automation,Continuous testing in delivery pipelines,Technical,Integrating automated quality gates into build and deployment pipelines for fast feedback.,"Adds tests to existing pipeline stages following defined configuration, reviewed before merge.",Integrates and maintains automated test stages independently within standard pipelines.,"Designs fast, reliable test gating for complex pipelines balancing speed and confidence.",Defines continuous-testing patterns and gating strategy other teams adopt.,Sets continuous-testing strategy and anticipates how quality gates must evolve with delivery.,Defines authoritative continuous-testing practice that shapes the discipline.
QA-09,Engineering & Technology,Quality Engineering & Test,Specialized Testing,Performance & load testing,Technical,"Assessing responsiveness, throughput, and stability under expected and peak demand.",Runs predefined performance scenarios and records results against documented thresholds.,"Designs and executes standard load tests independently, identifying obvious bottlenecks.","Diagnoses subtle performance issues under realistic, ambiguous load and contention conditions.",Defines performance-testing methodology and modeling approaches others adopt.,Sets performance-engineering strategy and anticipates scaling limits before they bite.,Defines authoritative performance-testing practice that shapes how the discipline measures it.
QA-10,Engineering & Technology,Quality Engineering & Test,Specialized Testing,Security & vulnerability testing,Technical,"Probing systems for weaknesses, misconfigurations, and exploitable flaws.",Runs prescribed security test cases and reports findings against documented criteria under review.,"Conducts standard security and vulnerability tests independently, validating common weaknesses.",Uncovers subtle security defects in ambiguous flows and chains them into meaningful risk.,Defines security-testing methods integrated into quality practice that others adopt.,Sets security-testing strategy within quality and anticipates emerging weakness classes.,Defines authoritative security-in-quality practice that shapes the discipline.
QA-11,Engineering & Technology,Quality Engineering & Test,Specialized Testing,Accessibility & compatibility testing,Technical,"Verifying inclusive usability and consistent behavior across devices, platforms, and assistive tech.","Runs prescribed accessibility and compatibility checks, reporting issues against standards under review.",Tests standard accessibility and cross-environment compatibility independently against guidelines.,"Diagnoses subtle accessibility and compatibility defects across ambiguous, diverse contexts.",Defines accessibility and compatibility testing approaches other teams adopt.,Sets inclusive-quality strategy and anticipates accessibility needs across emerging contexts.,Defines authoritative accessibility-testing practice that shapes how the discipline approaches it.
QA-12,Engineering & Technology,Quality Engineering & Test,Quality Operations,Test data & environment management,Technical,"Provisioning, masking, and maintaining realistic data and stable environments for testing.",Provisions test data and environments from documented procedures under review.,"Manages standard test data and environments independently, ensuring consistent, valid conditions.","Designs reliable, representative data and environment strategies for complex, ambiguous needs.",Defines test-data and environment-management patterns other teams adopt.,Sets data and environment strategy and anticipates needs as systems and privacy demands evolve.,Defines authoritative test-data and environment practice that shapes the discipline.
QA-13,Engineering & Technology,Quality Engineering & Test,Quality Operations,Defect lifecycle management,Behavioral,"Tracking, triaging, prioritizing, and driving defects to resolution with clear reporting.",Logs and updates defects with clear detail following the defined workflow under review.,"Manages defects independently through triage, prioritization, and verification for routine cases.","Drives resolution of ambiguous, cross-team defects and sets the local quality bar for reporting.",Defines the defect-management workflow and triage approach others adopt.,Sets defect-management strategy and anticipates trends from defect patterns.,Defines authoritative defect-lifecycle practice that shapes how the discipline manages defects.
QA-14,Engineering & Technology,Quality Engineering & Test,Quality Operations,Quality metrics & reporting,Behavioral,"Measuring coverage, escape rates, and quality trends to inform release decisions.",Compiles defined quality metrics into standard reports under review.,"Produces meaningful quality reports independently, selecting relevant metrics for routine needs.","Designs metrics that reveal real quality signals in ambiguous, contested contexts.",Defines the quality-metrics framework and reporting patterns others adopt.,Sets quality-measurement strategy and anticipates which signals will matter as delivery evolves.,Defines what meaningful quality measurement means for the field and influences its practice.
GAME-01,Engineering & Technology,Game Development,Engine & Runtime,Game loop & real-time simulation,Technical,"Structuring frame-driven update, timing, and state progression for real-time interactivity.","Implements update steps within an existing loop on guided, well-scoped tasks under review.","Builds standard fixed/variable timestep loops independently, handling routine frame-timing variation.","Owns the simulation loop autonomously, resolving timing, ordering, and determinism edge cases.",Defines the loop architecture and update model others adopt across systems.,"Sets simulation-timing strategy and standards, anticipating scaling and platform shifts.",Defines what robust real-time simulation means for the field and influences industry practice.
GAME-02,Engineering & Technology,Game Development,Engine & Runtime,Physics & collision systems,Technical,"Modeling motion, forces, and collision detection and response for believable interaction.",Adds colliders and tunes parameters on defined tasks with reviewed results.,Implements standard collision detection and response independently for routine cases.,"Resolves tunneling, stacking, and stability issues autonomously across hard scenarios.",Designs the physics solver and broadphase approach others build on.,"Sets physics-fidelity and performance strategy, anticipating new simulation demands.",Defines best practice for game physics recognized beyond their organization.
GAME-03,Engineering & Technology,Game Development,Engine & Runtime,Graphics & rendering fundamentals,Technical,"Translating scenes into rendered frames via pipelines, shading, lighting, and cameras.",Implements basic draw calls and material settings on guided tasks under review.,Builds standard render passes and shading independently for routine scenes.,Diagnoses and fixes rendering artifacts and pipeline issues autonomously.,Architects the rendering pipeline and techniques others adopt.,"Sets rendering strategy and quality standards, anticipating hardware and technique shifts.",Defines rendering best practice and advances the discipline externally.
GAME-04,Engineering & Technology,Game Development,Engine & Runtime,Spatial math & geometry,Technical,"Applying vectors, matrices, and transforms for movement, orientation, and spatial reasoning.",Applies provided vector and matrix operations to well-defined tasks under review.,"Independently solves standard transform, projection, and intersection problems.","Handles tricky spatial math—quaternions, edge cases, numerical stability—autonomously.",Devises geometric algorithms and conventions others reuse.,Sets spatial-math standards and anticipates emerging geometric techniques.,Shapes how the field reasons about spatial math and geometry.
GAME-05,Engineering & Technology,Game Development,Gameplay & Design,Gameplay systems & mechanics design,Technical,"Designing and implementing rules, controls, and feedback loops that drive player experience.",Implements specified mechanics within an existing system under review.,Builds standard gameplay systems independently with normal iteration.,"Designs and tunes cohesive mechanics autonomously, resolving balance and feel ambiguity.",Defines systemic design patterns and frameworks other designers adopt.,"Sets gameplay-design direction and standards, anticipating player and genre shifts.",Defines what great mechanics design means and influences the craft broadly.
GAME-06,Engineering & Technology,Game Development,Gameplay & Design,Game AI & behavior systems,Technical,"Building agent decision-making, pathfinding, and reactive behaviors for non-player entities.",Wires up provided behaviors and parameters on guided tasks under review.,Implements standard behavior trees or state machines independently.,"Crafts believable, performant agent behavior autonomously across hard cases.",Architects the AI behavior framework others adopt.,"Sets game-AI strategy and standards, anticipating new behavioral techniques.",Defines best practice for game AI recognized across the industry.
GAME-07,Engineering & Technology,Game Development,Gameplay & Design,Audio & feedback integration,Technical,"Integrating sound, music, and sensory feedback to reinforce gameplay and immersion.",Hooks up provided sounds and feedback cues on defined tasks under review.,Implements standard audio triggers and feedback layers independently.,"Designs cohesive audio-feedback systems autonomously, resolving timing and mix edge cases.",Defines the feedback and audio integration approach others adopt.,"Sets audio-feedback strategy and standards, anticipating immersion trends.",Defines excellence in game audio-feedback integration for the field.
GAME-08,Engineering & Technology,Game Development,Content & Production,Game asset pipeline,Technical,"Authoring, importing, and optimizing art, models, and animation through production workflows.",Imports and configures assets through an existing pipeline under review.,Builds and maintains standard pipeline steps independently for routine assets.,Diagnoses and optimizes pipeline bottlenecks and edge-case assets autonomously.,Architects the asset pipeline and conventions others adopt.,"Sets pipeline strategy and standards, anticipating tooling and scale shifts.",Defines asset-pipeline best practice recognized beyond their organization.
GAME-09,Engineering & Technology,Game Development,Content & Production,Level design & content authoring,Technical,"Crafting spaces, pacing, and encounters that shape player progression and challenge.",Builds level sections to spec using existing tools under review.,Authors complete standard levels independently with normal iteration.,"Designs compelling pacing, flow, and layout autonomously across hard content.",Defines level-design patterns and authoring standards others follow.,"Sets content-design direction, anticipating player-experience and tooling shifts.",Defines what great level design means and influences the craft widely.
GAME-10,Engineering & Technology,Game Development,Online & Backend,Multiplayer networking & netcode,Technical,"Synchronizing state across clients with replication, prediction, and latency compensation.",Implements specified replication on an existing netcode layer under review.,Builds standard state sync and messaging independently for routine cases.,"Resolves latency, prediction, and reconciliation problems autonomously.",Architects the netcode model others adopt for synchronization.,"Sets networking strategy and standards, anticipating scale and topology shifts.",Defines netcode best practice recognized across the industry.
GAME-11,Engineering & Technology,Game Development,Online & Backend,Game server & live operations,Technical,"Running authoritative servers, matchmaking, sessions, and persistent live-service backends.",Performs defined live-ops and server tasks under review.,Operates and maintains game servers independently for routine events.,Diagnoses live incidents and scales services autonomously under pressure.,Architects the live-service and operations approach others adopt.,"Sets live-ops strategy and reliability standards, anticipating demand shifts.",Defines live-operations best practice recognized beyond their organization.
GAME-12,Engineering & Technology,Game Development,Online & Backend,Performance optimization & profiling,Technical,"Diagnosing and tuning frame rate, memory, and resource use for target platforms.",Applies suggested optimizations and reads profiles on guided tasks under review.,Profiles and fixes standard bottlenecks independently.,Diagnoses and resolves complex performance issues autonomously across systems.,Defines profiling methodology and optimization patterns others adopt.,"Sets performance strategy and budgets, anticipating platform constraints.",Defines performance-engineering best practice for the field.
WEB3-01,Engineering & Technology,Blockchain & Web3,Protocol Foundations,Consensus & protocol fundamentals,Technical,"Understanding distributed agreement, block production, and protocol-level trust mechanisms.",Explains and configures protocol parameters on defined tasks under review.,Implements standard protocol logic independently for routine changes.,"Reasons about consensus safety, liveness, and edge cases autonomously.",Designs consensus mechanisms and protocol approaches others adopt.,"Sets protocol-design strategy and standards, anticipating emerging models.",Defines consensus best practice and shapes protocol research broadly.
WEB3-02,Engineering & Technology,Blockchain & Web3,Protocol Foundations,Applied cryptography & key management,Technical,"Applying hashing, signatures, and asymmetric cryptography to secure on-chain identity and data.",Uses provided cryptographic primitives correctly on guided tasks under review.,"Implements standard signing, hashing, and key handling independently.",Resolves subtle cryptographic and key-lifecycle issues autonomously.,Designs cryptographic schemes and key-management approaches others adopt.,"Sets applied-crypto strategy and standards, anticipating threat shifts.",Defines applied cryptography best practice recognized across the industry.
WEB3-03,Engineering & Technology,Blockchain & Web3,Protocol Foundations,Scalability & interoperability design,Technical,Designing layered scaling and cross-chain communication to extend throughput and reach.,Implements specified scaling or bridging components under review.,Builds standard scaling and interoperability features independently.,"Resolves throughput, finality, and cross-system trust trade-offs autonomously.",Architects scalability and interoperability designs others adopt.,"Sets scaling and interoperability strategy, anticipating ecosystem shifts.","Defines best practice for scalable, interoperable systems across the field."
WEB3-04,Engineering & Technology,Blockchain & Web3,Smart Contracts,Smart contract design,Technical,"Architecting deterministic on-chain logic with correct state, upgrade, and gas considerations.",Implements specified contract logic with reviewed results.,"Builds standard contracts independently, handling routine requirements.","Designs robust, gas-aware contract architectures autonomously across hard cases.",Defines contract design patterns and standards others adopt.,"Sets smart-contract design strategy, anticipating language and pattern shifts.",Defines smart-contract design best practice recognized industry-wide.
WEB3-05,Engineering & Technology,Blockchain & Web3,Smart Contracts,On-chain security & auditing,Technical,"Identifying and mitigating contract vulnerabilities through review, testing, and formal analysis.",Runs provided checks and flags obvious issues under review.,"Audits standard contracts independently, identifying common vulnerabilities.","Uncovers subtle, novel vulnerabilities and exploit paths autonomously.",Defines audit methodology and threat models others adopt.,"Sets on-chain security strategy and standards, anticipating attack trends.",Defines on-chain security best practice recognized across the industry.
WEB3-06,Engineering & Technology,Blockchain & Web3,Smart Contracts,Decentralized application integration,Technical,"Connecting interfaces and off-chain services to on-chain logic via nodes, wallets, and oracles.",Wires up provided on-chain calls in an app under review.,Integrates standard contract interactions and wallets independently.,"Resolves state-sync, signing, and failure-mode issues autonomously.",Architects dApp integration patterns others adopt.,"Sets integration strategy and standards, anticipating ecosystem shifts.",Defines decentralized-app integration best practice for the field.
WEB3-07,Engineering & Technology,Blockchain & Web3,Economics & Custody,Tokenomics & on-chain economics,Technical,"Designing token incentives, supply mechanics, and economic models for sustainable networks.",Models specified token parameters under review.,Designs standard token mechanics and incentives independently.,"Designs sound incentive and supply systems autonomously, resolving economic edge cases.",Defines tokenomic frameworks and modeling approaches others adopt.,"Sets on-chain economic strategy, anticipating market and mechanism shifts.",Defines tokenomics best practice recognized across the industry.
WEB3-08,Engineering & Technology,Blockchain & Web3,Economics & Custody,Wallet & key custody,Technical,"Securing private keys, signing flows, and asset custody for users and institutions.",Configures provided custody and wallet flows under review.,Implements standard custody and signing flows independently.,"Resolves recovery, multi-party, and key-lifecycle challenges autonomously.",Designs custody architectures and policies others adopt.,"Sets custody strategy and security standards, anticipating threat shifts.",Defines key-custody best practice recognized beyond their organization.
UX-01,"Product, Design & Cross-functional",UX & Product Design,User Research & Insight,User research & usability evaluation,Behavioral,Planning and conducting research and usability testing to uncover user needs and validate designs.,Runs scripted sessions and notes observations under review.,"Plans and conducts standard studies independently, synthesizing routine findings.",Designs rigorous research and extracts hard insights autonomously across ambiguity.,Defines research methods and evaluation frameworks others adopt.,"Sets research strategy and standards, anticipating where inquiry must head.",Defines user-research best practice recognized across the discipline.
UX-02,"Product, Design & Cross-functional",UX & Product Design,User Research & Insight,Information architecture & content structuring,Technical,Organizing content and navigation into coherent structures that match user mental models.,Organizes content into provided structures under review.,Builds standard navigation and taxonomies independently.,"Structures complex, ambiguous content domains autonomously into coherent models.",Defines IA patterns and structuring methods others adopt.,"Sets information-architecture strategy, anticipating content and scale shifts.",Defines IA best practice recognized across the discipline.
UX-03,"Product, Design & Cross-functional",UX & Product Design,Interaction & Visual Design,Interaction & flow design,Technical,"Designing task flows, states, and interaction patterns that make products intuitive and efficient.",Builds specified flows and interactions under review.,Designs standard end-to-end flows independently with normal iteration.,"Resolves complex, ambiguous interaction problems autonomously with strong judgment.",Defines interaction patterns and flow frameworks others adopt.,"Sets interaction-design direction, anticipating behavioral and modality shifts.",Defines interaction-design best practice recognized across the discipline.
UX-04,"Product, Design & Cross-functional",UX & Product Design,Interaction & Visual Design,Visual & layout design,Technical,"Applying typography, color, spacing, and composition to create clear, appealing visual hierarchy.",Applies provided styles and layouts to defined screens under review.,"Produces standard, consistent visual layouts independently.","Crafts strong hierarchy, rhythm, and polish autonomously across hard cases.",Defines visual language and layout systems others adopt.,"Sets visual-design direction and standards, anticipating aesthetic shifts.",Defines visual-design excellence recognized across the discipline.
UX-05,"Product, Design & Cross-functional",UX & Product Design,Interaction & Visual Design,Prototyping & design validation,Technical,"Creating prototypes at varied fidelity to explore, communicate, and test design concepts.",Builds simple prototypes from specs under review.,Creates standard interactive prototypes and runs basic validation independently.,Designs prototypes that answer hard questions and validates rigorously autonomously.,Defines prototyping and validation methods others adopt.,"Sets validation strategy and standards, anticipating new fidelity needs.",Defines prototyping-and-validation best practice for the discipline.
UX-06,"Product, Design & Cross-functional",UX & Product Design,Interaction & Visual Design,Inclusive & accessible design,Technical,"Designing experiences usable by people with diverse abilities, contexts, and assistive needs.",Applies provided accessibility guidelines on defined tasks under review.,Designs to standard accessibility requirements independently.,Resolves complex inclusion and accessibility trade-offs autonomously.,Defines inclusive-design practices and standards others adopt.,"Sets accessibility strategy, anticipating regulatory and inclusion shifts.",Defines inclusive-design best practice recognized across the discipline.
UX-07,"Product, Design & Cross-functional",UX & Product Design,Design Systems,Design tokens & system governance,Technical,Defining tokenized design foundations and governing a shared system for consistency at scale.,Applies existing tokens and follows governance rules under review.,Maintains and extends token sets independently within standard governance.,Resolves token-architecture and governance conflicts autonomously.,Defines token structures and governance models others adopt.,"Sets token and governance strategy, anticipating scale and theming needs.",Defines design-token and governance best practice across the discipline.
UX-08,"Product, Design & Cross-functional",UX & Product Design,Design Systems,Component library & pattern curation,Technical,Curating reusable design components and patterns with usage guidance and maintenance over time.,Uses and documents existing components under review.,Builds and maintains standard components and patterns independently.,"Curates a coherent, reusable library autonomously, resolving pattern conflicts.",Defines component and pattern standards others adopt.,"Sets library strategy and curation standards, anticipating product needs.",Defines component-library best practice recognized across the discipline.
UX-09,"Product, Design & Cross-functional",UX & Product Design,Design Systems,Design-to-development handoff,Behavioral,Translating design intent into clear specifications and collaborating with engineering on faithful implementation.,Prepares specified handoff artifacts under review.,"Produces complete, standard handoffs independently with normal review.",Resolves ambiguous handoff and implementation-fidelity issues autonomously.,Defines handoff processes and artifacts others adopt.,"Sets handoff strategy and standards, anticipating workflow and tooling shifts.",Defines design-to-development handoff best practice for the discipline.
PM-01,"Product, Design & Cross-functional",Product Management,Discovery & Research,Product discovery & customer research,Behavioral,"Uncovering user needs and validating problems through interviews, observation, and experimentation.",Runs scripted customer interviews and notes findings under a senior researcher's guidance.,"Plans and conducts standard discovery for a feature, synthesizing themes with normal review.","Independently frames ambiguous problems, selects fitting methods, and separates signal from noise.",Designs the team's discovery approach and untangles findings others find contradictory.,Sets the org's research strategy and anticipates emerging customer needs before they surface.,Defines what rigorous product discovery means and shapes the discipline's practice externally.
PM-02,"Product, Design & Cross-functional",Product Management,Discovery & Research,User persona & journey modeling,Behavioral,Mapping target segments and their end-to-end experiences to ground product decisions.,Documents personas and journey steps from supplied data under direction.,Builds usable personas and maps journeys for a product area with normal review.,Independently models complex multi-actor journeys and resolves conflicting user signals.,Defines modeling standards others adopt and reconciles personas across overlapping segments.,Sets persona and journey strategy across the portfolio and predicts shifting behavior patterns.,Establishes industry-recognized methods for journey modeling and teaches them widely.
PM-03,"Product, Design & Cross-functional",Product Management,Discovery & Research,Competitive & product-market analysis,Behavioral,"Assessing market trends, competitors, and whitespace to inform positioning and opportunity sizing.",Gathers competitor facts and populates comparison grids under guidance.,Produces a sound competitive analysis for a product with normal review.,Independently reads ambiguous markets and frames defensible positioning implications.,Defines the analytical approach others follow and decodes confusing competitive dynamics.,Sets market-analysis strategy and anticipates structural shifts before competitors react.,Shapes how the field interprets product-market fit and is cited externally on it.
PM-04,"Product, Design & Cross-functional",Product Management,Strategy & Planning,Product strategy & positioning,Behavioral,"Defining target markets, value propositions, and differentiation that guide what to build and why.",Drafts positioning statements from a given strategy under direction.,Articulates strategy and positioning for one product with normal review.,Independently sets coherent strategy amid ambiguity and defends hard trade-offs.,Defines the strategy framework teams adopt and resolves conflicting strategic bets.,Owns portfolio-level strategy and anticipates where the market is heading.,Defines what good product strategy means for the discipline and influences practice externally.
PM-05,"Product, Design & Cross-functional",Product Management,Strategy & Planning,Roadmap & portfolio planning,Behavioral,"Sequencing initiatives across products and horizons against goals, capacity, and dependencies.",Maintains roadmap items and updates status under guidance.,Builds and sequences a credible roadmap for one product with normal review.,Independently balances competing priorities and replans confidently under shifting constraints.,Designs the planning approach others use and resolves cross-team portfolio conflicts.,Sets portfolio planning strategy and foresees where investment should shift next.,Defines portfolio-planning best practice for the field and is recognized for it.
PM-06,"Product, Design & Cross-functional",Product Management,Strategy & Planning,Vision & goal setting,Behavioral,Articulating product vision and outcome-based objectives that align teams over time.,Translates a stated vision into concrete goals under direction.,"Sets clear, measurable goals for a product area with normal review.",Independently crafts a compelling vision and cascades aligned goals through ambiguity.,Defines goal-setting frameworks others adopt and aligns competing visions.,Sets enduring vision across the portfolio and anticipates long-horizon shifts.,Shapes how the discipline frames product vision and is externally credible on it.
PM-07,"Product, Design & Cross-functional",Product Management,Definition & Delivery,Requirement & specification definition,Behavioral,"Translating problems into clear, testable requirements, specs, and acceptance criteria.",Writes requirements from supplied input and refines them under review.,"Authors complete, testable specs for standard features with normal review.","Independently specifies ambiguous, cross-cutting features and resolves edge cases cleanly.",Defines specification standards others adopt and untangles the hardest requirement conflicts.,Sets specification strategy across teams and anticipates downstream definition needs.,Defines what excellent product specification means and influences the practice externally.
PM-08,"Product, Design & Cross-functional",Product Management,Definition & Delivery,Product backlog management,Behavioral,"Curating, refining, and grooming a backlog so the team always works on the highest-value items.",Updates and grooms backlog items under direction.,Prioritizes and maintains a healthy backlog for one team with normal review.,Independently sequences contested work and keeps the backlog coherent under churn.,Defines backlog practices others follow and resolves cross-team prioritization disputes.,Sets backlog-management strategy across products and anticipates capacity tensions.,Defines backlog-management best practice for the discipline and is recognized for it.
PM-09,"Product, Design & Cross-functional",Product Management,Definition & Delivery,Go-to-market coordination,Behavioral,"Orchestrating launch readiness across engineering, marketing, sales, and support.",Executes assigned launch tasks and tracks checklist items under guidance.,Coordinates a standard product launch across functions with normal review.,Independently orchestrates complex launches and recovers when plans go sideways.,Defines the go-to-market playbook others adopt and rescues high-stakes launches.,Sets go-to-market strategy across the portfolio and anticipates market-timing risks.,Defines what great go-to-market means for the field and shapes external practice.
PM-10,"Product, Design & Cross-functional",Product Management,Measurement & Insight,Metrics & product analytics,Technical,Defining success metrics and interpreting product data to evaluate impact and guide iteration.,Pulls and reports defined product metrics under direction.,Builds and interprets metric dashboards for a product with normal review.,Independently designs metric frameworks and draws sound conclusions from messy data.,Defines the measurement model teams adopt and diagnoses misleading metrics others trust.,Sets product-analytics strategy across the org and anticipates which signals will matter.,Defines rigorous product measurement for the discipline and is cited externally on it.
PM-11,"Product, Design & Cross-functional",Product Management,Measurement & Insight,Product experimentation & A/B testing,Technical,Designing and reading controlled experiments to validate hypotheses and de-risk decisions.,Runs predefined experiments and records results under supervision.,Designs and analyzes a standard A/B test with normal review.,Independently designs valid experiments and interprets ambiguous or conflicting results.,Defines experimentation standards others adopt and rescues flawed test designs.,Sets the org's experimentation strategy and anticipates where testing should expand.,Defines experimentation rigor for the discipline and influences external practice.
PM-12,"Product, Design & Cross-functional",Product Management,Measurement & Insight,Pricing & business modeling,Behavioral,"Reasoning about pricing, packaging, and unit economics to sustain a viable product.",Populates pricing models with supplied assumptions under direction.,Builds a sound business model for one product with normal review.,Independently structures pricing under uncertainty and defends margin trade-offs.,Defines the modeling approach others adopt and untangles complex monetization questions.,Sets pricing strategy across the portfolio and anticipates market and cost shifts.,Defines pricing and business-modeling best practice for the field and is recognized for it.
PM-13,"Product, Design & Cross-functional",Product Management,Stakeholder Engagement,Stakeholder & executive management,Behavioral,Aligning leadership and cross-functional stakeholders around product direction and trade-offs.,Prepares updates and gathers input for stakeholders under direction.,Manages routine stakeholder relationships and communications with normal review.,Independently aligns conflicting stakeholders and navigates tense executive conversations.,Defines stakeholder-engagement approaches others adopt and brokers the hardest alignment.,Sets executive-engagement strategy and anticipates leadership concerns before they arise.,Defines exemplary stakeholder management for the discipline and is externally credible on it.
PM-14,"Product, Design & Cross-functional",Product Management,Stakeholder Engagement,Customer & partner relationship management,Behavioral,Building trust with customers and external partners to inform and advance the product.,Logs interactions and handles routine customer requests under guidance.,Manages standard customer and partner relationships with normal review.,Independently nurtures key accounts and resolves difficult relationship conflicts.,Defines relationship-management practices others adopt and salvages strained partnerships.,Sets relationship strategy across the portfolio and anticipates partner-ecosystem shifts.,Defines what excellent partner relationship management means and shapes external practice.
PM-15,"Product, Design & Cross-functional",Product Management,Discovery & Research,Opportunity mapping & framing,Behavioral,"Structures discovered customer needs into an explicit opportunity space — mapped, sized, and compared — so solution choices trace to the most valuable problem rather than the first idea.","Places research findings onto an existing opportunity map correctly, distinguishing opportunities from solutions with coaching.","Builds and maintains the opportunity map for their area, sizing and pruning branches against evidence without prompting.","Structures messy, contested problem spaces into maps that make trade-offs explicit, and defends why one opportunity is pursued over its siblings.","Reconciles overlapping opportunity maps across teams, exposing duplicate bets and orphaned opportunities no single team could see.",Makes opportunity mapping an organization's default synthesis method; investment reviews open from the mapped opportunity space.,Shapes how organizations represent customer opportunity at portfolio level; their framing methods are cited and reused beyond their own organization.
PM-16,"Product, Design & Cross-functional",Product Management,Discovery & Research,Problem framing & outcome definition,Behavioral,Frames incoming requests and observations as customer problems tied to measurable outcomes — separating the problem from the proposed solution before work is committed.,"Writes a one-page problem statement naming the user, the struggle, and the evidence, with review; separates problem from requested feature when prompted.","Frames work as outcomes the team can move rather than outputs to ship, and rewrites incoming feature requests into the underlying problem before triage.","Sets the outcome a product is accountable for and keeps the team pointed at it, publicly re-framing efforts that drift into output-counting.",Arbitrates problem framing across teams — spotting duplicated or conflicting framings — and re-cuts problem boundaries drawn along org lines instead of customer lines.,Defines an organization's outcome architecture — how team-level outcomes ladder to organizational results — and retires vanity outcomes.,"Frames an organization's hardest, ownerless problems into tractable outcome statements executives fund; their framing practice shapes the discipline externally."
PM-17,"Product, Design & Cross-functional",Product Management,Discovery & Research,Jobs-to-be-done analysis,Behavioral,"Models what customers hire products to accomplish — the circumstance, the progress sought, and the competing alternatives (including workarounds and non-consumption) — to predict adoption and define product boundaries.",Restates a feature request as the job the customer is hiring it for — circumstance and progress sought — with coaching.,"Maps the main jobs in their area from interview evidence, identifying what customers currently hire and where those hires fail.","Anchors a product's definition and boundaries in its core job, using the job to rule scope in or out and to identify non-obvious competitors.","Aligns job maps across teams into one view of customer progress, exposing where customers must stitch products together to finish one job.","Uses jobs analysis to shape organization-level portfolio choices — which jobs are served end-to-end, which are exited.",Frames markets and strategy in jobs terms that reveal disruption threats early; their jobs analyses influence practice beyond their organization.
PM-18,"Product, Design & Cross-functional",Product Management,Discovery & Research,Assumption mapping & discovery testing,Behavioral,"Names and ranks the assumptions behind a product bet — desirability, viability, feasibility, usability — and designs the cheapest decisive pre-build tests (prototypes, fake doors, concierge runs) to validate or kill them.","Lists the assumptions behind a proposed feature, sorts them by risk with coaching, and runs a prescribed simple test, logging what was learned.","Identifies the riskiest assumption before build and matches the test type to it — prototype, painted door, concierge — with pass/fail defined in advance.","Surfaces assumptions others treat as facts, designs test sequences that retire the most risk per unit effort, and kills initiatives whose load-bearing assumptions fail.","Standardizes how multiple teams express and rank risk, and rejects validation theater — tests that can only confirm, never falsify — before major commitments.","Builds discovery-testing capability into an organization's investment process — funding follows tested assumptions, and the cost of a first test drops to hours.","Structures bets too big to A/B as staged, falsifiable commitments; their validation doctrine is cited and adopted beyond their organization."
PM-19,"Product, Design & Cross-functional",Product Management,Strategy & Planning,Domain & industry fluency,Behavioral,"Builds and maintains deep working knowledge of the product's domain — its industry structure, customer workflows, constraints, and trajectory — deeply enough to be a credible reference for customers and colleagues.","Learns the domain deliberately — shadows customers, reads industry sources, asks how the system actually works — and uses domain vocabulary correctly.",Answers most domain questions without deferring and corrects domain errors in specs and designs.,"Is the recognized domain reference for a product — customers, field teams, and engineers check facts with them — and spots domain-driven risks others miss.","Connects domain knowledge across teams, catching where one roadmap violates another domain's constraints (regulatory, workflow, ecosystem).","Represents an organization's domain understanding externally — industry forums, advisory boards, analyst briefings.",Anticipates domain evolution — where the industry's workflows and rules are heading — and positions portfolios for it before consensus forms.
EM-01,"Product, Design & Cross-functional",Engineering Management,People Management,Performance management & accountability,Behavioral,"Setting expectations, evaluating performance, and addressing under-performance fairly and clearly.",Gathers performance inputs and drafts feedback under a manager's guidance.,Runs standard performance cycles and holds direct reports accountable with normal review.,Independently manages underperformance and difficult cases through to clear resolution.,Defines accountability practices other managers adopt and coaches them through hard cases.,Sets the org's performance philosophy and anticipates systemic accountability gaps.,"Defines what fair, effective performance management means and influences the field externally."
EM-02,"Product, Design & Cross-functional",Engineering Management,People Management,Career development & sponsorship,Behavioral,"Growing engineers through development plans, advancement opportunities, and active sponsorship.",Supports growth conversations and tracks development goals under guidance.,Coaches direct reports on standard career growth with normal review.,Independently sponsors people into stretch roles and navigates complex growth paths.,Defines career-development practices others adopt and unblocks the toughest growth cases.,Sets the org's talent-development strategy and anticipates future capability needs.,Defines exemplary career sponsorship for the discipline and is externally recognized for it.
EM-03,"Product, Design & Cross-functional",Engineering Management,People Management,Psychological safety & team health,Behavioral,"Creates the conditions where people raise problems, dissent, and admit mistakes without penalty; reads and repairs team-health signals (conflict, burnout risk, on-call load).","With guidance, runs meetings where quieter members are heard; escalates team-health concerns they notice.","Creates safety on their own team — models fallibility, protects dissent, surfaces and resolves conflict early; monitors basic health signals.","Sustains safety through pressure (incidents, deadlines, change); repairs damaged trust; the team measurably speaks up (postmortems name real causes).",Diagnoses and fixes systemic safety failures across teams; other leaders seek their help on entrenched conflict and burnout patterns.,Sets the org's team-health bar and mechanisms; safety practices they designed are adopted org-wide.,Shapes how the industry thinks about team health; published practices others implement.
EM-04,"Product, Design & Cross-functional",Engineering Management,Organizational Design,Team design & org structuring,Behavioral,"Shaping team topologies, roles, and reporting lines to fit the work and scale.",Maintains team charts and documents structure under direction.,Designs a sound structure for one team with normal review.,Independently restructures teams to fit changing work and resolves boundary conflicts.,Defines org-design approaches others adopt and reshapes the most tangled structures.,Sets org-structuring strategy across the org and anticipates scaling inflection points.,Defines effective engineering-org design for the discipline and is cited externally on it.
EM-05,"Product, Design & Cross-functional",Engineering Management,Organizational Design,Headcount & resource planning,Behavioral,Forecasting staffing needs and allocating people across initiatives and priorities.,Tracks headcount and updates plans under direction.,Builds a credible headcount plan for one team with normal review.,Independently plans resourcing under uncertainty and defends staffing trade-offs.,Defines resource-planning practices others adopt and resolves cross-team allocation conflicts.,Sets org-wide resourcing strategy and anticipates future capacity demand.,Defines headcount-planning best practice for the discipline and is recognized for it.
EM-06,"Product, Design & Cross-functional",Engineering Management,Organizational Design,Budget & vendor management,Behavioral,"Managing budgets, costs, and external vendor or contractor relationships.",Tracks spend and processes vendor invoices under guidance.,Manages a team budget and standard vendor relationships with normal review.,Independently controls budgets under pressure and negotiates difficult vendor terms.,Defines budget and vendor practices others adopt and rescues failing vendor relationships.,Sets org-wide budget and vendor strategy and anticipates cost and supplier risks.,Defines exemplary budget and vendor management for the field and influences practice.
EM-07,"Product, Design & Cross-functional",Engineering Management,Execution & Operations,Delivery & program management,Behavioral,"Driving cross-team execution, dependencies, and predictable delivery of programs.",Tracks tasks and updates delivery status under direction.,Drives delivery of a standard program with normal review.,Independently runs complex multi-team programs and recovers slipping delivery.,Defines delivery practices others adopt and rescues the most troubled programs.,Sets the org's delivery strategy and anticipates systemic delivery risks.,Defines what excellent program delivery means and shapes external practice.
EM-08,"Product, Design & Cross-functional",Engineering Management,Execution & Operations,Process & operating-cadence design,Behavioral,"Designing rituals, workflows, and cadences that keep teams effective and aligned.",Follows and documents established processes under guidance.,Runs and tunes a team's operating cadence with normal review.,Independently designs processes that fit the work and removes friction others miss.,Defines operating-cadence patterns others adopt and fixes broken processes across teams.,Sets the org's operating model and anticipates where cadence must evolve.,Defines effective engineering operating cadence for the discipline and is recognized for it.
EM-09,"Product, Design & Cross-functional",Engineering Management,Execution & Operations,Engineering metrics & productivity,Technical,Using delivery and health metrics to diagnose and improve team effectiveness.,Collects and reports defined engineering metrics under direction.,Interprets productivity metrics for one team with normal review.,Independently designs metric systems and distinguishes real signal from vanity numbers.,Defines the productivity-measurement model others adopt and debunks misleading metrics.,Sets the org's engineering-metrics strategy and anticipates which signals will matter.,Defines rigorous engineering productivity measurement and influences the field externally.
EM-10,"Product, Design & Cross-functional",Engineering Management,Execution & Operations,Incident & operational risk management,Behavioral,"Establishing on-call, incident response, and risk practices that protect reliability.",Follows incident runbooks and logs actions under guidance.,Manages standard incidents and routine operational risk with normal review.,Independently leads severe incidents and drives durable remediation of risk.,Defines incident and risk practices others adopt and commands the worst crises calmly.,Sets the org's operational-risk strategy and anticipates systemic failure modes.,Defines what excellent operational risk management means and shapes external practice.
EM-11,"Product, Design & Cross-functional",Engineering Management,Culture & Change,Engineering culture & values stewardship,Behavioral,"Shaping norms, standards, and culture that define how the team builds and behaves.",Models stated values and reinforces them within a team under guidance.,Sustains a healthy team culture aligned to values with normal review.,Independently strengthens culture and addresses values violations decisively.,Defines cultural practices others adopt and repairs damaged team cultures.,Sets the org's culture strategy and anticipates where values must be reinforced.,Defines what a strong engineering culture looks like and is externally credible on it.
EM-12,"Product, Design & Cross-functional",Engineering Management,Culture & Change,Change & transformation management,Behavioral,"Leading teams through reorganization, process change, and shifting priorities.",Supports rollout of defined changes and tracks adoption under direction.,Leads a contained team change with normal review.,Independently drives significant change through resistance to durable adoption.,Defines change approaches others adopt and rescues stalled transformations.,Sets the org's transformation strategy and anticipates where change is needed next.,Defines effective engineering transformation for the discipline and shapes external practice.
EM-13,"Product, Design & Cross-functional",Engineering Management,People Management,Onboarding & team formation,Behavioral,"Ramps new people to productivity fast and leads teams through formation stages — launches, merges, and resets — deliberately rather than enduring them.",Follows an existing onboarding checklist for new hires; escalates ramp problems.,Runs a 30/60/90 onboarding with named buddies and early wins; new hires ship in their first weeks and say so in check-ins.,"Reads a team's formation stage and intervenes on it — resets norms after a merge, names storming in the room instead of managing it by email.","Builds the onboarding and team-launch playbook multiple teams use; teams start faster because of materials and rituals they created, and stands up whole new teams repeatedly.","Designs how an organization absorbs step-change growth — acquisitions, new sites, doubled headcount — without culture dilution; integration plans carry named cultural mechanisms.",Makes team formation an organization-wide capability — new groups spin up predictably without heroics — and audits that the machinery still works.
EM-14,"Product, Design & Cross-functional",Engineering Management,People Management,Delegation & empowerment,Behavioral,"Hands over whole outcomes with context and calibrated support, pushes decision rights to where the information lives, and builds organizations that run on intent rather than presence.",Assigns tasks with instructions and checks completion; keeps consequential work for themselves.,Delegates whole outcomes with context and check-in contracts matched to each person's readiness — and resists snatching work back when it wobbles.,"Hands ownership of critical, visible work to someone not yet proven and scaffolds them to success, letting them keep the credit; the team runs a week without them and nothing stalls.","Pushes decisions down across multiple teams — publishes decision rights so teams stop escalating what they can decide themselves; involvement is exception-based, and everyone knows which is which.","Builds organizations that run on mechanisms rather than presence — delegated authorities with audit trails, pre-declared tripwires — and grants leaders consequential authority held to outcomes, not methods.",Runs an organization on intent — direction and guardrails clear enough that leaders act correctly without asking — and treats every upward escalation as a design flaw to fix.
EM-15,"Product, Design & Cross-functional",Engineering Management,Execution & Operations,Technical debt & risk stewardship,Behavioral,"Surfaces, prices, and manages technical debt and technical risk as an economic portfolio — funding paydown structurally and setting the speed-versus-soundness posture explicitly.",Records known shortcuts and defects when directed; raises debt concerns in planning.,Keeps a visible debt register with the cost of carry noted and defends a steady paydown allocation in planning rather than begging quarter by quarter.,"Distinguishes debt worth carrying from debt that will detonate, sequences remediation by risk, and prices debt in incident and velocity terms stakeholders accept.","Makes debt legible across multiple teams — shared taxonomy, reporting rhythm — and gets cross-team risk (the shared library nobody owns, the half-finished migration) owned and funded.","Carries technical risk onto the executive risk register — top exposures known, sized, owned, trending — and lands multi-quarter remediation programs against feature pressure.",Sets an organization's speed-versus-soundness posture explicitly — where debt is accepted for velocity and where it never is — and holds it under growth pressure.
EM-16,"Product, Design & Cross-functional",Engineering Management,Personal Effectiveness,Managerial leverage & focus,Behavioral,"Spends leadership time where it multiplies — deliberate calendar design, high-leverage intervention choice, and systematic abandonment of low-value work.",Keeps commitments manageable with help; recognizes when their calendar no longer matches priorities.,"Runs a deliberate calendar that matches stated priorities — protected one-on-ones, deep work, and team time; declines low-leverage meetings with alternatives offered.","Prunes their own involvement ruthlessly as complexity grows — automates, delegates, or kills recurring work every quarter — and models sustainable pace through crunch.","Chooses interventions by multiplier across many teams — the review that shapes ten decisions, the document that aligns three roadmaps — declining the rest by policy; audits their time and publishes the changes.","Allocates attention like a portfolio at organizational scale — deep on the few places they are the unique unlock, delegated on the rest — and says which is which out loud.",Spends presence deliberately as an organizational signal — where they show up moves priorities — and guards the organization's focus by limiting concurrent top priorities and abandoning stale initiatives by name.
EM-17,"Product, Design & Cross-functional",Engineering Management,People Management,Motivation & engagement,Behavioral,"Builds durable intrinsic motivation: removes dissatisfiers, feeds autonomy/mastery/purpose, recognizes well.",Recognizes teammates' good work; flags demotivating friction to their manager.,Knows what drives each person on their team; removes hygiene friction and matches work to intrinsic drivers; recognition is specific and timely.,Sustains engagement through hard stretches; diagnoses systemic motivation problems (not just individuals) and fixes the conditions.,Builds engagement mechanisms other teams adopt; reverses disengagement trends beyond their own span.,Owns the engagement strategy for a function; conditions they designed show up in retention and survey trends.,Advances the practice of engagement in the field; frameworks others cite and use.
DR-01,"Product, Design & Cross-functional",Developer Relations & Technical Communication,Community & Advocacy,Developer advocacy & community building,Behavioral,Growing and nurturing developer communities and representing their needs internally.,Engages community channels and answers routine questions under guidance.,Grows and supports a developer community segment with normal review.,Independently builds thriving communities and defuses tense community conflicts.,Defines community-building practices others adopt and revives flagging communities.,Sets the org's community strategy and anticipates where developer interest is shifting.,Defines what great developer advocacy means and is externally recognized for it.
DR-02,"Product, Design & Cross-functional",Developer Relations & Technical Communication,Community & Advocacy,Developer experience & feedback loops,Behavioral,Gathering developer feedback and championing improvements to the developer experience.,Collects developer feedback and logs friction points under direction.,Runs standard feedback loops and surfaces DX issues with normal review.,Independently diagnoses deep DX problems and closes the loop to real fixes.,Defines DX-feedback practices others adopt and untangles the hardest experience gaps.,Sets the org's developer-experience strategy and anticipates emerging friction.,Defines what excellent developer experience means and shapes the field's practice.
DR-03,"Product, Design & Cross-functional",Developer Relations & Technical Communication,Community & Advocacy,Developer marketing & evangelism,Behavioral,"Raising awareness and adoption through authentic, technically credible outreach.",Executes assigned evangelism tasks and amplifies messages under guidance.,Runs a standard developer-marketing campaign with normal review.,Independently crafts resonant developer narratives and adapts to skeptical audiences.,Defines evangelism approaches others adopt and turns around messaging that fell flat.,Sets developer-marketing strategy and anticipates which narratives will land next.,Defines what authentic developer evangelism means and is externally credible on it.
DR-04,"Product, Design & Cross-functional",Developer Relations & Technical Communication,Content & Documentation,Technical content creation,Behavioral,"Producing tutorials, samples, posts, and reference material that help developers succeed.",Drafts technical content from outlines and revises under review.,"Produces accurate, clear technical content independently with normal review.",Independently creates content for complex topics and ambiguous audiences.,Defines content standards others adopt and elevates the hardest technical pieces.,Sets the org's content strategy and anticipates which topics developers will need.,Defines what excellent technical content looks like and shapes external practice.
DR-05,"Product, Design & Cross-functional",Developer Relations & Technical Communication,Content & Documentation,Developer documentation & information architecture,Behavioral,"Structuring, writing, and organizing docs so information is findable and usable.",Writes and updates doc pages within an existing structure under guidance.,Authors and organizes documentation for a product area with normal review.,"Independently architects coherent doc structures for complex, evolving products.",Defines information-architecture standards others adopt and restructures tangled doc sets.,Sets the org's documentation strategy and anticipates structural scaling needs.,Defines great developer documentation and information architecture for the field.
DR-06,"Product, Design & Cross-functional",Developer Relations & Technical Communication,Content & Documentation,Editing & content governance,Behavioral,"Upholding style, quality, accuracy, and consistency across published content.",Applies style rules and fixes errors under an editor's guidance.,Edits content to standard and enforces routine governance with normal review.,Independently edits complex material and adjudicates ambiguous style and quality calls.,Defines editorial standards others adopt and resolves the hardest governance disputes.,Sets the org's content-governance strategy and anticipates quality risks at scale.,Defines editorial excellence and content governance for the discipline externally.
DR-07,"Product, Design & Cross-functional",Developer Relations & Technical Communication,Content & Documentation,Content strategy & localization,Behavioral,"Planning content coverage, lifecycle, and adaptation for diverse audiences and locales.",Tags content for localization and tracks coverage under direction.,Executes a content and localization plan for an area with normal review.,Independently shapes content strategy and resolves complex localization trade-offs.,Defines content-strategy and localization practices others adopt across teams.,Sets the org's global content strategy and anticipates emerging audience needs.,Defines what world-class content strategy and localization mean for the field.
DR-08,"Product, Design & Cross-functional",Developer Relations & Technical Communication,Education & Enablement,Developer education & enablement,Behavioral,"Designing learning paths, workshops, and resources that build developer competence.",Delivers prepared training material and supports learners under guidance.,Builds and runs standard enablement for a topic with normal review.,Independently designs learning paths for complex topics and varied skill levels.,Defines enablement approaches others adopt and rescues ineffective programs.,Sets the org's developer-education strategy and anticipates future learning needs.,Defines what effective developer education means and shapes external practice.
DR-09,"Product, Design & Cross-functional",Developer Relations & Technical Communication,Education & Enablement,Public speaking & demos,Behavioral,"Delivering compelling talks, live demos, and presentations to technical audiences.",Delivers a prepared talk or demo with coaching and review.,Presents standard talks and demos independently with normal review.,Independently commands tough rooms and recovers gracefully when demos break.,Defines presentation and demo craft others adopt and coaches them to improve.,Sets the org's speaking strategy and anticipates which stages and stories matter.,Defines what compelling technical speaking looks like and is externally renowned for it.
DR-10,"Product, Design & Cross-functional",Developer Relations & Technical Communication,Education & Enablement,Sample code & API storytelling,Technical,Building example projects and narratives that show how to apply interfaces and tools effectively.,Writes basic sample snippets from specs under guidance.,"Produces clear, working samples that illustrate an API with normal review.",Independently crafts samples that make complex APIs intuitive and tell a clear story.,Defines sample-and-storytelling standards others adopt and reworks confusing examples.,Sets the org's API-storytelling strategy and anticipates which patterns developers need.,Defines what excellent API storytelling through code means and shapes external practice.
PD-01,"Product, Design & Cross-functional",Product & Delivery,Value Delivery,Work Breakdown & Incremental Delivery,Behavioral,Slices work so value and learning arrive early.,Breaks own tasks into reviewable pieces with guidance.,Independently decomposes a feature into shippable slices.,Plans complex multi-phase work (prototype-then-commit under uncertainty); sequences safely.,Expert at structuring large initiatives to de-risk early; anticipates bottlenecks.,Shapes how the org plans and sequences major change.,Defines the company-wide approach to delivering value incrementally.
PD-02,"Product, Design & Cross-functional",Product & Delivery,Value Delivery,Prioritization & Economic Thinking,Behavioral,"Weighs cost, value, risk and timing.",Works highest-priority-first when told the priorities.,Makes sound priority calls within scope; time-boxes uncertain work.,Balances cost/value/risk across a domain; resists hype; decisions hold up over months.,Expert at portfolio-level trade-offs; surfaces hidden assumptions; trusted tiebreaker.,Sets decision frameworks for the org.,Influences company strategic direction through judgment.
PD-03,"Product, Design & Cross-functional",Product & Delivery,Value Delivery,Dealing with Ambiguity,Behavioral,Makes progress when the problem is unclear.,Asks good questions to turn a vague task into a clear one.,Independently turns a vague request into a workable plan.,Thrives in ambiguity; frames the problem for others; chooses an approach and commits.,Creates clarity for multiple teams out of open-ended situations.,Defines direction where none exists at org scale.,Comfortable with the highest-uncertainty company bets.
PD-04,"Product, Design & Cross-functional",Product & Delivery,Execution,Estimation & Planning,Behavioral,Forecasts and plans work credibly.,Learns to estimate; surfaces blockers; plans own tasks with guidance.,Estimates scoped work realistically; plans own 1-3 week projects.,"Plans quarter-scale, multi-workstream efforts including dependencies.",Expert at planning large programs; anticipates risk early.,Plans org-level programs across quarters/years.,Shapes how the company plans major technical change.
PD-05,"Product, Design & Cross-functional",Product & Delivery,Execution,Ownership & Delivery Accountability,Behavioral,Makes and keeps credible commitments.,Takes ownership of assigned tasks; honest about progress and blockers.,Owns components end-to-end; delivers committed work reliably.,Owns a domain; lands multi-week efforts without surprises; pushes back on unrealistic scope with reasons.,Owns cross-team initiatives; unblocks teams; kills failing approaches early.,Owns an org-level portfolio of bets; sets direction others follow.,The go-to when something company-critical must land.
PD-06,"Product, Design & Cross-functional",Product & Delivery,Execution,Product Thinking,Behavioral,Connects technical work to user and business value.,Understands the capability they're building and who uses it.,"Frames own work in user/business outcomes, not just tasks.",Treats their area as a product; uses metrics to decide what to build for a domain.,Expert at aligning technical bets with product strategy across teams.,Sets product direction for an org's technical surface.,Shapes how the company creates value through technical products.
PD-07,"Product, Design & Cross-functional",Product & Delivery,Execution,Strategic & Commercial Awareness,Behavioral,"Frames technical decisions in economic and business terms — cost, revenue risk, cost of delay, unit economics — and answers for whether the work actually moved its business outcome.",States what business outcome their current task serves — and asks when they can't — treating infrastructure and license costs as real money.,Checks whether shipped work actually moved its metric and says so plainly when it didn't; weighs cost and maintenance burden in the technical choices they own.,"Frames a domain's technical decisions in business terms — cost of delay, revenue risk, support load — pushes back on work with weak business rationale, and redirects effort when the numbers say the plan is wrong.",Builds the business case for the cross-team technical investments with the largest return and is trusted by leadership to have done the math.,"Aligns an organization's technical strategy with its economics — cost curves, velocity, risk — owning trade-offs measured in staff-years and reporting them in the business's own terms.",Advises company leadership on where technology changes the business model and is accountable for company-level technology bets paying off.
CC-01,"Product, Design & Cross-functional",Communication & Collaboration,Communication,Written & Verbal Communication,Behavioral,Conveys ideas clearly to the right audience.,Communicates status clearly; documentation is accurate.,"Writes clear design notes, runbooks and PRs; explains trade-offs without overselling.",Writes design docs that drive decisions; translates technical risk for non-technical stakeholders.,Expert at making complex capability/risk legible to executives without dumbing it down; RFCs align orgs.,Strategy memos leadership acts on; org-wide and external reach.,A clarifying voice at company scale; externally recognized.
CC-02,"Product, Design & Cross-functional",Communication & Collaboration,Communication,Knowledge Sharing & Documentation,Behavioral,Spreads understanding so others move faster.,Shares what they learn; keeps their docs accurate.,Documents their area well; proactively shares techniques with the team.,Creates documentation and forums that raise a whole domain's understanding.,Builds knowledge-sharing systems adopted across teams.,Defines how the org captures and spreads knowledge.,Shapes industry-facing knowledge practice.
CC-03,"Product, Design & Cross-functional",Communication & Collaboration,Collaboration,Teamwork & Partnership,Behavioral,Works productively with others toward shared goals.,Responsive to feedback; pairs willingly; asks for help appropriately.,Collaborates smoothly with adjacent functions; handles disagreement constructively.,Builds strong cross-team relationships; resolves friction directly.,Expert at aligning teams with competing priorities; mediates disputes between senior people.,Creates the forums and processes through which collaboration happens.,Builds coalitions at company scale and externally.
CC-04,"Product, Design & Cross-functional",Communication & Collaboration,Collaboration,Feedback,Behavioral,"Gives and receives honest, useful feedback.",Accepts feedback non-defensively; acts on it.,"Gives timely, specific, kind feedback to peers.",Gives growth-oriented feedback that changes behavior; coaches through feedback.,Builds feedback norms that raise the bar across teams.,Sets the org's culture of candor and growth.,Models and defines feedback culture company-wide.
CC-05,"Product, Design & Cross-functional",Communication & Collaboration,Collaboration,Handling Disagreement,Behavioral,Navigates conflict toward good decisions.,Voices disagreement respectfully; disagrees-and-commits.,Works through disagreement to a decision without damaging relationships.,Mediates technical disputes in their domain; finds the path that holds up.,Resolves high-stakes disagreements between senior stakeholders across orgs.,Designs the decision processes the org uses to resolve conflict.,Sets the company norm for principled disagreement.
CC-06,"Product, Design & Cross-functional",Communication & Collaboration,Communication,Executive Communication,Behavioral,"Communicates upward and to executive audiences — answer-first briefings, decision-ready framing, and composure under hostile questioning.",Prepares status updates for leadership with guidance; leads with the headline when coached to.,"Reports upward answer-first with a specific ask; escalates early with options attached, so no surprise reaches leadership from someone else.","Briefs senior leaders under pressure — facts, impact, options, and a recommendation inside the first two minutes; one-pagers get forwarded unedited.","Builds and lands investment cases with executive audiences — pre-wired with skeptics, sized in business terms, honest about risk; coaches others for executive rooms and runs the operating reviews an organization communicates through.","Operates the executive room as a peer — advances positions, absorbs hostile questioning without defensiveness, and changes the room's decision more often than not.","Speaks for an organization's technical reality to boards, investors, and press; trusted with the messages that cannot be delegated, and organizational credibility survives the appearances."
LI-01,"Product, Design & Cross-functional",Leadership & Influence,Growing People,Mentorship & Coaching,Behavioral,Grows other people's capability.,Receptive to mentoring; shares what they learn.,Helps onboard teammates; informally mentors juniors.,Coaches engineers with growth-oriented feedback; measurably improves a team's skill.,Develops future leads across teams; shapes hiring and onboarding.,Develops senior engineers and leaders; builds culture deliberately.,Develops the next generation of top talent; legacy outlasts tenure.
LI-02,"Product, Design & Cross-functional",Leadership & Influence,Growing People,Hiring & Staffing,Behavioral,Builds the team through hiring and placement.,"Participates in interviews; gives clear, evidence-based feedback.",Runs interviews well; calibrates against a consistent bar.,Shapes hiring for a team; designs loops; makes sound staffing calls.,Drives hiring strategy across teams; builds the interviewing bar.,Sets the org's talent strategy.,Shapes company-wide talent philosophy.
LI-03,"Product, Design & Cross-functional",Leadership & Influence,Technical Leadership,Technical Influence & Direction,Behavioral,Shapes technical direction beyond own work.,Contributes informed opinions in technical discussions.,Influences component-level decisions through credibility.,Sets technical direction for a domain; others align to their calls.,Shapes how multiple teams approach problems; trusted tiebreaker.,Influences org-wide technical strategy.,Influences company strategic direction through insight.
LI-04,"Product, Design & Cross-functional",Leadership & Influence,Technical Leadership,Decision-Making under Uncertainty,Behavioral,Makes sound calls with incomplete information.,Makes well-defined decisions; asks good questions when blocked.,Decides independently within their components; evaluates alternatives honestly.,Makes architectural choices for a domain that hold up over months.,Foresees second-order consequences; sets decision frameworks for teams.,Sets decision-making frameworks for the org.,Visionary judgment; sees structural causes others miss.
LI-05,"Product, Design & Cross-functional",Leadership & Influence,Technical Leadership,Driving Alignment,Behavioral,Gets people moving in the same direction.,Keeps own work aligned with team goals.,Aligns direct partners on scoped decisions.,Drives alignment across a domain; turns disagreement into committed direction.,Aligns multiple teams and leadership behind a direction.,Creates forums/narratives through which the org aligns.,Aligns the company behind direction; externally persuasive.
LI-06,"Product, Design & Cross-functional",Leadership & Influence,Technical Leadership,Technical Credibility,Behavioral,"Retains enough hands-on technical depth to earn engineers' trust, ask the questions that change designs, and judge technical work without doing it.",Follows the team's technical discussions and asks clarifying questions; relies on others to evaluate design quality.,"Understands the systems in scope well enough to review designs, probe trade-offs, and triage incidents — earns technical respect without taking the keyboard.","Maintains depth across a complex system's stack and hardest problems; a credible thought-partner to the most senior engineers, pairing them with the context they need.","Retains broad credibility across a multi-team domain — credible on its hardest cross-cutting technical questions, current enough to ask the question that changes a design.","Sustains the credibility to guide an organization's technology direction; translates architectural risk into business terms without distortion, and senior technologists accept the judgment.",Sustains credibility across an entire technology landscape; their technical judgment is trusted at every altitude because it survives contact with detail.
LI-07,"Product, Design & Cross-functional",Leadership & Influence,Organizational Influence,Influence without Authority,Behavioral,"Wins outcomes across organizational seams with no formal mandate — exchange in others' currencies, coalition-building, and earned credibility.",Builds working relationships with adjacent teams; asks for help through the right people with guidance.,"Wins cooperation from adjacent teams by trading in their currencies — timing help, review effort, shared credit — rather than escalating.",Secures priority from other teams for an initiative with no borrowed authority; builds the case in the other party's terms and repays visibly.,"Moves a multi-team domain to a shared position with no mandate — assembles the coalition, converts the best-argued skeptic — and the position holds after they stop pushing.",Shifts organization-level outcomes through people several seams away who advocate the position as their own; lands decisions while holding a minority of the formal power in the room.,"Shapes industry and market context in the organization's favor — standards bodies, open ecosystems, talent narratives — so external forces push where the organization wants to go."
LI-08,"Product, Design & Cross-functional",Leadership & Influence,Personal Leadership,Situational & Adaptive Leadership,Behavioral,"Reads what the person, team, and moment need and flexes leadership approach — directing, coaching, supporting, delegating — from a grounded, authentic center; distinguishes technical from adaptive challenges.",Recognizes that different people need different support; adjusts approach when prompted by feedback.,"Matches direction and support to each person's readiness per task — directing, coaching, supporting, or delegating deliberately — and tells technical problems from adaptive ones.",Flexes skillfully across a wide range of people and hard situations without losing a grounded center; refuses to force technical fixes onto adaptive challenges and names the difference.,"Coaches other leaders to read what a person, team, or moment needs; adapts across diverse teams while staying recognizably consistent in values.","Develops adaptive leadership as an organizational discipline — leaders diagnose technical-versus-adaptive at scale, and the leadership style changes when the situation does.","Shapes an adaptive, grounded leadership culture across an organization — style stays plastic to conditions while values stay fixed; the approach is emulated beyond the organization."
LI-09,"Product, Design & Cross-functional",Leadership & Influence,Personal Leadership,Self-Awareness & Learning Agility,Behavioral,"Seeks external feedback on their own behavior, knows their failure patterns, and extracts lessons from first-time situations fast enough to lead credibly in them.",Accepts feedback about their own behavior without defensiveness; acts on it when the change is spelled out.,"Asks for feedback on their own practice and changes visibly in response — ""you said X, I changed Y"" — keeping a running list of their own failure patterns.",Knows their failure modes under pressure and manages them in the moment; staffs deliberately against known weaknesses and seeks disconfirming input before hard calls.,"Runs structured input on themselves — 360s, skip-level themes — and closes the loop publicly on what changed; retools openly for first-time challenges so others copy the learning method.","Compensates deliberately for the seniority feedback vacuum — cultivates truth-tellers, rewards bearers of unwelcome news about themselves, and retires their own outdated playbook when the organization outgrows it.","Institutionalizes challenge to their own judgment — red teams, protected dissent — and manages how their moods and offhand comments get amplified across an organization."
LI-10,"Product, Design & Cross-functional",Leadership & Influence,Personal Leadership,Resilience & Sustainable Pace,Behavioral,"Sustains effectiveness under prolonged pressure, recovers from setbacks, and designs sustainable pace into how teams operate rather than modeling heroics.",Maintains composure through normal setbacks; recognizes their own overload and asks for help.,"Stays effective and steady under pressure — recovers from setbacks, manages their own energy, and models a sustainable pace others learn from watching.","Holds up through prolonged pressure — incident sieges, crunch, organizational turbulence — helping the team stay resilient and refusing burnout-driven decisions.","Builds resilience into how multiple teams operate — on-call health, recovery after pushes, load balancing — and repairs burnout risk at scale.","Stewards organizational resilience — capacity buffers, crisis rotation, energy management for senior leaders — and holds the line when business pressure argues for permanent crunch.","Shapes a resilient, sustainable culture across an organization; the organization absorbs shocks without breaking people, and the practice is referenced beyond it."
LI-11,"Product, Design & Cross-functional",Leadership & Influence,Personal Leadership,Integrity & Trust,Behavioral,"Earns and keeps trust through consistency and courage — keeping commitments, telling unwelcome truths, and holding the ethical line when it is costly.",Keeps commitments with reminders; is honest when asked directly; escalates ethical concerns to others.,"Keeps commitments or renegotiates before the deadline, never after; says the same thing in the room and out of it, owns mistakes unprompted, and reports true status when the truth is unwelcome.",Makes the unpopular-but-right call under pressure and absorbs the cost personally; protects the person who raised the flag and handles sensitive information impeccably.,Serves as the honest broker across teams — disputing parties accept their account of the facts — and carries uncomfortable systemic truths to the room that can fix them.,"Builds mechanisms that make integrity cheap at scale — ethics review in design, safe escalation with follow-through, fairness systems whose losers affirm the process — and stops launches on ethical grounds with the business case for trust.","Holds an organization's line when the profitable path and the right path diverge — the hard disclosure, the walked-away revenue — and those moments become the story the culture tells about itself."
MKT-01,Business & Corporate Functions,Marketing & Communications,Brand & Creative,Brand strategy & management,Behavioral,"Define and steward brand identity, positioning, voice, and consistency across touchpoints.","Applies existing brand guidelines to assets under review, flagging obvious off-brand usage.","Maintains brand consistency across standard channels independently, handling routine positioning questions.","Owns brand positioning for a product or segment, resolving ambiguous identity and messaging trade-offs.",Defines the brand architecture and positioning approach other marketers adopt across the portfolio.,"Sets multi-year brand strategy and equity standards, anticipating shifts in market perception.","Shapes how the field defines brand value, externally cited as a reference on brand building."
MKT-02,Business & Corporate Functions,Marketing & Communications,Brand & Creative,Content & editorial strategy,Behavioral,"Plan, produce, and govern editorial content aligned to audience needs and brand narrative.","Drafts and formats content pieces to a brief, with edits reviewed before publishing.","Plans and produces a content calendar independently, adapting tone for routine audiences.","Owns editorial strategy for a domain, balancing competing topics, formats, and audience needs.",Defines the content model and governance that other writers and teams adopt.,"Sets the organization's editorial vision and standards, anticipating audience and format shifts.","Defines what authoritative content means in the field, externally recognized as a thought leader."
MKT-03,Business & Corporate Functions,Marketing & Communications,Brand & Creative,Creative direction & design management,Behavioral,"Guide visual and creative execution to deliver compelling, on-brand assets.","Executes design tasks within a defined visual system, with creative choices reviewed.","Delivers creative work independently to brief, managing routine revisions and feedback.","Directs creative for whole campaigns, resolving ambiguous briefs into coherent concepts.",Defines the creative approach and critique standards other designers learn from.,"Sets the creative vision and aesthetic direction across the organization, anticipating design trends.","Shapes creative standards the industry references, externally celebrated for distinctive work."
MKT-04,Business & Corporate Functions,Marketing & Communications,Brand & Creative,Public relations & corporate communications,Behavioral,"Shape public narrative, manage media relationships, and protect reputation through earned channels.","Drafts press materials and media lists from templates, with messaging reviewed before release.","Manages routine media relationships and announcements independently, handling standard inquiries.","Owns communications for sensitive topics, navigating ambiguous narratives and difficult press situations.",Defines the messaging framework and crisis-response playbook other communicators adopt.,"Sets corporate communications strategy and reputation standards, anticipating narrative and stakeholder risks.","Shapes how the discipline handles reputation, sought externally as an authority on communications."
MKT-05,Business & Corporate Functions,Marketing & Communications,Demand & Growth,Demand generation & growth marketing,Behavioral,Drive qualified pipeline through coordinated multi-channel acquisition and growth experiments.,"Executes demand campaigns to spec, with targeting and budget choices reviewed.","Runs standard acquisition programs independently, optimizing routine funnels toward targets.","Owns demand strategy for a segment, diagnosing and fixing underperforming funnels autonomously.",Defines the growth model and experimentation approach other marketers adopt.,"Sets the organization's demand strategy and growth standards, anticipating channel saturation and shifts.","Defines growth-marketing practice the field follows, externally credible on scalable acquisition."
MKT-06,Business & Corporate Functions,Marketing & Communications,Demand & Growth,Digital & search marketing,Behavioral,"Acquire and engage audiences through organic, paid, and search-driven digital channels.","Implements digital and search campaigns from a plan, with keywords and bids reviewed.","Manages search and digital channels independently, optimizing routine campaigns to targets.","Owns digital strategy across channels, resolving ambiguous attribution and ranking challenges autonomously.",Defines the digital and search methodology other practitioners adopt across campaigns.,"Sets digital marketing strategy and standards, anticipating algorithm and platform shifts.","Shapes search and digital practice the industry references, externally recognized expert."
MKT-07,Business & Corporate Functions,Marketing & Communications,Demand & Growth,Lifecycle & retention marketing,Behavioral,"Nurture, convert, and retain audiences across the customer lifecycle to maximize value.","Builds lifecycle messages from defined journeys, with timing and segmentation reviewed.","Runs standard retention and nurture programs independently, handling routine segmentation.","Owns lifecycle strategy for a cohort, diagnosing churn and engagement problems autonomously.",Defines the lifecycle model and retention frameworks other marketers adopt.,"Sets retention strategy and customer-value standards, anticipating shifts in engagement behavior.","Defines lifecycle-marketing practice the field follows, externally credible on retention and loyalty."
MKT-08,Business & Corporate Functions,Marketing & Communications,Demand & Growth,Campaign planning & management,Behavioral,Orchestrate integrated campaigns end-to-end from brief through execution and optimization.,"Coordinates campaign tasks and timelines under direction, with the plan reviewed.","Plans and runs standard multi-channel campaigns independently, managing routine dependencies.","Owns complex campaigns end-to-end, resolving conflicting priorities and ambiguous briefs autonomously.",Defines the campaign planning methodology and orchestration approach other marketers adopt.,"Sets integrated campaign strategy and standards, anticipating cross-channel and timing dynamics.","Shapes campaign-management practice the industry references, externally recognized authority."
MKT-09,Business & Corporate Functions,Marketing & Communications,Events & Engagement,Event & field marketing,Behavioral,Plan and run events and field programs that generate engagement and pipeline.,"Supports event logistics and setup under direction, with arrangements reviewed.","Runs standard events and field programs independently, handling routine vendor and attendee issues.","Owns flagship events end-to-end, resolving ambiguous trade-offs in scope, budget, and experience.",Defines the event playbook and field-marketing approach other organizers adopt.,"Sets event strategy and experience standards, anticipating shifts in audience engagement.","Defines what great events mean in the field, externally sought to design landmark experiences."
MKT-10,Business & Corporate Functions,Marketing & Communications,Events & Engagement,Community & advocacy programs,Behavioral,Build and nurture communities and advocates that amplify reach and loyalty.,"Moderates and supports community activity under direction, with responses reviewed.","Runs standard community and advocacy programs independently, handling routine member needs.","Owns community strategy for a program, resolving ambiguous engagement and conflict situations autonomously.",Defines the community-building and advocacy model other program leads adopt.,"Sets community strategy and health standards, anticipating shifts in member behavior and sentiment.","Shapes community and advocacy practice the field follows, externally recognized authority."
MKT-11,Business & Corporate Functions,Marketing & Communications,Marketing Operations & Insight,Marketing analytics & attribution,Technical,Measure marketing performance and attribute outcomes across channels to guide investment.,"Pulls standard marketing reports and metrics, with interpretation reviewed.","Builds routine dashboards and attribution analyses independently, answering standard performance questions.","Owns measurement for a domain, resolving ambiguous attribution and data-quality problems autonomously.",Defines the attribution methodology and measurement framework other analysts adopt.,"Sets analytics strategy and measurement standards, anticipating shifts in data and privacy constraints.","Defines marketing-measurement practice the field follows, externally credible on attribution."
MKT-12,Business & Corporate Functions,Marketing & Communications,Marketing Operations & Insight,Marketing operations & automation,Behavioral,"Design marketing processes, data flows, and automated programs that scale execution.","Executes automation tasks and data hygiene under direction, with configuration reviewed.","Builds and maintains standard automation workflows independently, handling routine operational issues.","Owns the marketing operations stack for a team, resolving ambiguous process and data challenges autonomously.",Defines the operations architecture and automation standards other practitioners adopt.,"Sets marketing-operations strategy and governance, anticipating scaling and integration needs.","Shapes marketing-operations practice the industry references, externally recognized expert."
MKT-13,Business & Corporate Functions,Marketing & Communications,Marketing Operations & Insight,Customer & audience research,Technical,"Generate audience insight through segmentation, research, and behavioral analysis.","Conducts research tasks to a defined protocol, with analysis reviewed.","Runs standard studies and surveys independently, drawing routine insights from data.","Owns research for a question, designing methods and resolving ambiguous findings autonomously.",Defines the research methodology and insight frameworks other researchers adopt.,"Sets the research agenda and rigor standards, anticipating shifts in audience and method.","Defines audience-research practice the field follows, externally credible on customer insight."
SAL-01,Business & Corporate Functions,Sales,Pipeline Generation,Prospecting & lead qualification,Behavioral,"Identify, reach, and qualify prospects to build a healthy top-of-funnel pipeline.","Works defined prospect lists and qualifies leads against a checklist, with outreach reviewed.","Runs standard prospecting independently, qualifying routine opportunities to agreed criteria.","Owns prospecting for a territory, qualifying ambiguous and complex opportunities autonomously.",Defines the prospecting and qualification methodology other reps adopt.,Sets the pipeline-generation strategy and qualification standards across the organization.,"Shapes prospecting practice the profession references, externally recognized authority."
SAL-02,Business & Corporate Functions,Sales,Pipeline Generation,Territory & market coverage planning,Behavioral,Segment and prioritize territories and markets to optimize sales coverage and effort.,"Maintains territory data and coverage lists under direction, with assignments reviewed.","Plans coverage for a defined territory independently, handling routine allocation decisions.","Owns territory design for a region, resolving ambiguous segmentation and capacity trade-offs autonomously.",Defines the territory-planning methodology and coverage model other planners adopt.,"Sets market-coverage strategy and standards, anticipating shifts in market and capacity.","Defines territory-design practice the field follows, externally credible on coverage strategy."
SAL-03,Business & Corporate Functions,Sales,Selling,Consultative & solution selling,Behavioral,Diagnose customer needs and craft tailored solutions that link value to outcomes.,"Follows a discovery script to surface needs, with solution framing reviewed.","Runs consultative conversations independently, mapping routine needs to solutions.","Owns complex consultative deals, diagnosing ambiguous needs and shaping tailored solutions autonomously.",Defines the consultative selling methodology and discovery approach other sellers adopt.,"Sets the solution-selling strategy and standards, anticipating shifts in buyer needs.","Shapes consultative-selling practice the profession references, externally recognized authority."
SAL-04,Business & Corporate Functions,Sales,Selling,Sales presentations & demonstrations,Behavioral,Deliver persuasive presentations and demonstrations that advance buyer commitment.,"Delivers standard presentations from a deck, with delivery reviewed.","Tailors and presents independently to routine audiences, handling common questions.","Owns high-stakes presentations, adapting to ambiguous rooms and tough objections autonomously.",Defines the presentation and demo approach other sellers learn from.,Sets presentation strategy and storytelling standards across the sales organization.,"Defines what compelling sales presentation means in the field, externally sought to teach it."
SAL-05,Business & Corporate Functions,Sales,Selling,Negotiation & closing,Behavioral,"Navigate terms, resolve objections, and close agreements that protect mutual value.","Executes standard closing steps within set terms, with concessions reviewed.",Negotiates and closes routine deals independently within approved guardrails.,"Owns complex negotiations, navigating ambiguous terms and multi-party closes autonomously.",Defines the negotiation and closing playbook other sellers adopt.,"Sets negotiation strategy and deal-term standards, anticipating buyer tactics.","Shapes negotiation practice the profession references, externally recognized authority on closing."
SAL-06,Business & Corporate Functions,Sales,Deal & Account Management,Sales pipeline & deal management,Behavioral,"Manage opportunities through stages with rigor, hygiene, and momentum to close.","Updates deal records and stages under direction, with hygiene reviewed.","Manages a personal pipeline independently, advancing routine deals through stages.","Owns a complex pipeline, diagnosing stalled deals and prioritizing ambiguous trade-offs autonomously.",Defines the pipeline-management discipline and deal-review approach other sellers adopt.,"Sets pipeline strategy and deal-management standards, anticipating funnel risks.","Defines pipeline-management practice the profession references, externally credible authority."
SAL-07,Business & Corporate Functions,Sales,Deal & Account Management,Account planning & expansion,Behavioral,"Develop strategic account plans that retain, grow, and expand key relationships.","Maintains account records and plans under direction, with priorities reviewed.","Manages expansion in assigned accounts independently, pursuing routine upsell opportunities.","Owns strategic account plans, navigating ambiguous stakeholder maps and expansion paths autonomously.",Defines the account-planning methodology and expansion approach other sellers adopt.,"Sets account strategy and growth standards, anticipating shifts in customer value.","Shapes account-management practice the profession references, externally recognized authority."
SAL-08,Business & Corporate Functions,Sales,Sales Effectiveness,Sales forecasting & quota management,Technical,"Forecast revenue and manage quota attainment with predictable, data-grounded rigor.","Updates forecast inputs and quota tracking under direction, with figures reviewed.","Produces a personal forecast independently, managing routine quota attainment questions.","Owns forecasting for a team, reconciling ambiguous signals into reliable calls autonomously.",Defines the forecasting methodology and quota-setting approach other leaders adopt.,"Sets forecasting strategy and quota standards, anticipating market and capacity shifts.","Defines forecasting practice the field follows, externally credible on predictability and quota design."
SAL-09,Business & Corporate Functions,Sales,Sales Effectiveness,Sales enablement & coaching,Behavioral,"Equip and coach sellers with the skills, content, and tools to perform consistently.","Delivers enablement content and onboarding tasks under direction, with coaching reviewed.","Runs standard training and coaching independently, developing routine rep skills.","Owns enablement for a team, diagnosing ambiguous performance gaps and coaching autonomously.",Defines the enablement curriculum and coaching model other trainers adopt.,"Sets enablement strategy and competency standards, anticipating skill needs.","Shapes sales-enablement practice the profession references, externally recognized authority."
SAL-10,Business & Corporate Functions,Sales,Sales Effectiveness,Channel & partner sales,Behavioral,Drive revenue through indirect channels by enabling and managing selling partners.,"Supports partner deals and registrations under direction, with terms reviewed.","Manages routine partner-sourced deals independently, handling standard channel conflict.","Owns channel revenue for a region, resolving ambiguous partner and conflict situations autonomously.",Defines the channel-selling model and partner-engagement approach other reps adopt.,"Sets channel-sales strategy and standards, anticipating ecosystem and conflict dynamics.","Defines channel-sales practice the field follows, externally credible on indirect revenue."
SAL-11,Business & Corporate Functions,Sales,Sales Effectiveness,Sales operations & process,Behavioral,"Design and run sales processes, territories, and systems that improve productivity.","Executes sales-ops tasks and data updates under direction, with changes reviewed.","Maintains standard sales processes and tooling independently, handling routine requests.","Owns sales process for a team, resolving ambiguous workflow and data challenges autonomously.",Defines the sales-operations architecture and process standards other practitioners adopt.,"Sets sales-operations strategy and governance, anticipating scaling and tooling needs.","Shapes sales-operations practice the profession references, externally recognized expert."
BD-01,Business & Corporate Functions,Partnerships & Business Development,Partnership Strategy,Partnership strategy & sourcing,Behavioral,"Identify, evaluate, and source partnerships that advance strategic and revenue goals.","Researches and shortlists potential partners under direction, with the rationale reviewed.",Sources and screens routine partnership opportunities independently against agreed criteria.,"Owns partnership strategy for a domain, prioritizing ambiguous opportunities and fit autonomously.",Defines the partnership-sourcing methodology and prioritization model others adopt.,"Sets the partnership strategy and standards, anticipating shifts in the partner landscape.","Defines partnership-strategy practice the field follows, externally credible on ecosystem strategy."
BD-02,Business & Corporate Functions,Partnerships & Business Development,Partnership Strategy,Ecosystem & channel development,Behavioral,Build and grow partner ecosystems and channels that extend reach and capability.,"Supports ecosystem and channel tasks under direction, with recruitment steps reviewed.","Develops routine channel relationships independently, onboarding standard partners.","Owns ecosystem development for a segment, resolving ambiguous structure and incentive trade-offs autonomously.",Defines the ecosystem-development model and channel-design approach others adopt.,"Sets ecosystem strategy and standards, anticipating shifts in channel economics and structure.","Shapes ecosystem-development practice the field references, externally recognized authority."
BD-03,Business & Corporate Functions,Partnerships & Business Development,Deal Making & Alliances,Deal structuring & negotiation,Behavioral,Structure and negotiate partnership and commercial deals balancing risk and value.,"Prepares deal terms from templates under direction, with structure reviewed.",Structures and negotiates routine partnership deals independently within agreed guardrails.,"Owns complex deal structuring, navigating ambiguous terms and multi-party negotiations autonomously.",Defines the deal-structuring frameworks and negotiation approach others adopt.,"Sets deal-structuring strategy and standards, anticipating risk and value-sharing dynamics.","Defines deal-making practice the field follows, externally credible on complex partnership structures."
BD-04,Business & Corporate Functions,Partnerships & Business Development,Deal Making & Alliances,Alliance & relationship management,Behavioral,"Manage ongoing alliances to sustain trust, joint value, and mutual accountability.","Maintains alliance records and check-ins under direction, with follow-ups reviewed.","Manages routine alliance relationships independently, handling standard partner needs.","Owns strategic alliances, navigating ambiguous stakeholder dynamics and conflicts autonomously.",Defines the alliance-management model and governance approach others adopt.,"Sets alliance strategy and relationship standards, anticipating shifts in partner priorities.","Shapes alliance-management practice the field references, externally recognized authority."
BD-05,Business & Corporate Functions,Partnerships & Business Development,Deal Making & Alliances,Joint go-to-market & co-selling,Behavioral,"Orchestrate joint offerings, co-selling, and shared pipeline with partners.","Supports joint GTM activities and co-sell tasks under direction, with plans reviewed.",Executes routine joint campaigns and co-sell motions independently with partners.,"Owns joint GTM for a partnership, resolving ambiguous alignment and attribution issues autonomously.",Defines the joint-GTM and co-selling playbook other teams adopt.,"Sets co-sell strategy and standards, anticipating shifts in partner go-to-market dynamics.","Defines joint-GTM practice the field follows, externally credible on co-selling at scale."
BD-06,Business & Corporate Functions,Partnerships & Business Development,Partner Performance,Partner performance & program management,Technical,"Track partner performance and run programs, tiers, and incentives that drive results.","Tracks partner metrics and program tasks under direction, with reporting reviewed.","Manages a standard partner program independently, handling routine performance and tiering.","Owns program performance for a portfolio, diagnosing ambiguous underperformance and incentives autonomously.",Defines the partner-program design and performance frameworks others adopt.,"Sets partner-program strategy and standards, anticipating shifts in program economics.","Shapes partner-program practice the field references, externally recognized authority."
CSM-01,Business & Corporate Functions,Customer Success & Account Management,Onboarding & Adoption,Customer onboarding & adoption,Technical,Guide new customers through implementation and drive early adoption to reach first value.,"Completes assigned onboarding steps from a checklist for new customers, with each session reviewed.","Runs standard onboarding plans independently, configuring setup and guiding customers to first value.",Tailors onboarding to complex or ambiguous customer needs and is the team's go-to for tough launches.,Designs the onboarding methodology others follow and rescues stalled or failing implementations.,Sets onboarding strategy across segments and anticipates shifts in how customers reach value.,Defines what excellent onboarding means industry-wide and is sought externally for that expertise.
CSM-02,Business & Corporate Functions,Customer Success & Account Management,Onboarding & Adoption,Adoption monitoring & enablement,Technical,Track usage signals and deliver targeted enablement to deepen adoption over time.,Tracks basic usage metrics and flags low-adoption accounts for a reviewer to act on.,Independently monitors adoption signals and delivers standard enablement to lift feature usage.,Diagnoses ambiguous adoption gaps and designs targeted enablement that reliably moves usage.,Builds the adoption-measurement and enablement frameworks the team adopts as standard.,Sets the adoption strategy and predicts which usage patterns precede expansion or churn.,Shapes how the discipline defines healthy adoption and is externally credible on enablement practice.
CSM-03,Business & Corporate Functions,Customer Success & Account Management,Account Health & Retention,Account health & churn management,Technical,Score account health from leading indicators and intervene proactively to prevent churn.,Updates health scores from defined inputs and escalates declining accounts to a reviewer.,Independently assesses account health and runs standard interventions on at-risk accounts.,"Interprets conflicting health signals, diagnoses root causes, and is the go-to on hard cases.",Designs the health-scoring model and intervention playbooks others rely on.,Sets churn-management strategy and anticipates emerging drivers of attrition across the book.,Defines best-practice account health for the field and influences how others measure churn.
CSM-04,Business & Corporate Functions,Customer Success & Account Management,Account Health & Retention,Renewal & expansion management,Behavioral,"Forecast, negotiate, and close renewals while growing upsell and cross-sell.","Prepares renewal paperwork and flags upcoming dates, with quotes and terms reviewed.",Independently runs straightforward renewals and surfaces routine expansion opportunities.,Negotiates complex multi-stakeholder renewals and structures expansion deals autonomously.,Defines the renewal and expansion playbook and closes the deals others can't.,Sets renewal and expansion strategy and forecasts where account growth is heading.,Defines what world-class renewal and expansion looks like and is sought for that authority.
CSM-05,Business & Corporate Functions,Customer Success & Account Management,Account Health & Retention,Risk identification & save planning,Behavioral,Detect at-risk accounts and orchestrate cross-functional recovery and retention plays.,Identifies obvious risk signals and logs them for a reviewer to assess and act.,Independently spots common risks and executes standard save plans on routine cases.,"Detects subtle, ambiguous risk early and builds save plans that recover hard accounts.",Designs the risk-detection signals and save methodology the team adopts.,Sets save strategy and anticipates systemic risks before they surface across the portfolio.,Defines the discipline's standard for risk and retention and is externally recognized for it.
CSM-06,Business & Corporate Functions,Customer Success & Account Management,Value & Success Planning,Success planning & business reviews,Behavioral,"Build joint success plans and run reviews that align on goals, progress, and next steps.","Assembles business-review materials from templates, with content reviewed before delivery.",Independently builds success plans and runs standard business reviews with customers.,"Crafts executive-level success plans for complex accounts and leads ambiguous, high-stakes reviews.",Defines the success-planning and review framework others follow and coaches them on it.,Sets the strategy linking success plans to outcomes and anticipates shifts in customer priorities.,Defines what great success planning means for the profession and is externally credible on it.
CSM-07,Business & Corporate Functions,Customer Success & Account Management,Value & Success Planning,Customer outcome & value realization,Behavioral,Define target outcomes and quantify realized value to justify continued investment.,Collects outcome data and populates value summaries for a reviewer to validate.,Independently maps customer goals to metrics and reports realized value on standard accounts.,Quantifies value in ambiguous cases and is the go-to for proving complex business outcomes.,Builds the value-realization methodology and ROI models the team adopts.,Sets value-measurement strategy and anticipates how customers will define success next.,Defines how the industry measures customer value and shapes outcome-realization practice.
CSM-08,Business & Corporate Functions,Customer Success & Account Management,Value & Success Planning,Strategic account growth planning,Behavioral,Map account whitespace and stakeholders to chart multi-year growth and expansion.,Gathers account background and drafts growth notes for a reviewer to refine.,Independently builds growth plans for individual accounts using standard approaches.,Develops multi-year growth strategies for complex accounts and navigates ambiguous stakeholder maps.,Defines the strategic account-planning method others adopt and unlocks stalled growth.,Sets portfolio-level growth strategy and anticipates where strategic accounts are heading.,Defines best-practice strategic account growth for the field and is sought externally for it.
CSM-09,Business & Corporate Functions,Customer Success & Account Management,Advocacy & Voice of Customer,Customer advocacy & voice-of-customer,Behavioral,Cultivate references and advocates while channeling structured feedback into the business.,Captures customer feedback and references for a reviewer to route or act on.,Independently runs standard advocacy programs and channels routine feedback to teams.,Synthesizes ambiguous feedback into actionable insight and cultivates strong references autonomously.,Designs the voice-of-customer program and advocacy framework the organization adopts.,Sets advocacy strategy and anticipates which customer signals should shape direction.,Defines how the discipline practices voice-of-customer and is externally credible on advocacy.
SUP-01,Business & Corporate Functions,Customer Support & Service Operations,Case & Queue Management,Case management & triage,Technical,"Capture, categorize, and route service cases by urgency and impact for efficient resolution.","Logs and categorizes incoming cases per defined rules, with prioritization reviewed.",Independently triages and manages standard cases through resolution with normal oversight.,"Handles ambiguous, high-volume triage decisions and is the go-to for tricky case prioritization.",Designs the triage model and case-handling standards the team adopts.,Sets case-management strategy and anticipates how demand patterns will shift triage needs.,Defines best-practice case triage for the discipline and influences how others structure it.
SUP-02,Business & Corporate Functions,Customer Support & Service Operations,Case & Queue Management,Service-level & queue management,Technical,Monitor and balance work queues against service-level targets to control resolution times.,Monitors queues against targets and flags breaches for a reviewer to address.,Independently manages queues to meet service levels under routine load variation.,Balances competing queues under pressure and is the go-to for keeping SLAs intact in hard conditions.,Designs the queue-management and SLA strategy others follow.,Sets service-level strategy and anticipates demand shifts before they threaten targets.,Defines what excellent service-level management means for the field and is externally credible.
SUP-03,Business & Corporate Functions,Customer Support & Service Operations,Case & Queue Management,Issue diagnosis & resolution,Technical,Investigate reported problems systematically and apply or develop fixes to restore service.,"Resolves well-defined issues using known steps, escalating anything unfamiliar.",Independently diagnoses and resolves standard issues with normal review of tricky ones.,"Solves ambiguous, multi-factor problems and is the go-to for the hardest tickets.",Defines diagnostic approaches others adopt and resolves issues no one else can.,Sets resolution strategy and anticipates emerging failure modes before they spread.,Defines the discipline's standard for diagnosis and is sought externally for hard problems.
SUP-04,Business & Corporate Functions,Customer Support & Service Operations,Escalation & Incident Handling,Escalation & incident communication,Behavioral,Manage tiered escalations and keep customers informed through service-impacting incidents.,Follows the escalation script and posts status updates that are reviewed before sending.,Independently manages standard escalations and communicates clearly through routine incidents.,"Owns communication on ambiguous, high-pressure incidents and is the go-to under crisis.",Designs the escalation and incident-communication protocols the team adopts.,Sets incident-communication strategy and anticipates stakeholder needs in major events.,Defines best-practice incident communication for the discipline and is externally recognized.
SUP-05,Business & Corporate Functions,Customer Support & Service Operations,Escalation & Incident Handling,Problem & root-cause management,Technical,Analyze recurring issues to identify root causes and drive permanent corrective actions.,Gathers incident details and documents findings for a reviewer to analyze.,Independently runs root-cause analysis on standard recurring problems with normal review.,"Untangles ambiguous, systemic root causes and is the go-to for elusive recurring issues.",Defines the problem-management methodology others adopt and cracks the hardest root causes.,Sets problem-management strategy and anticipates systemic failures before they recur.,Defines how the discipline practices root-cause management and shapes industry approaches.
SUP-06,Business & Corporate Functions,Customer Support & Service Operations,Self-Service & Knowledge,Knowledge base & self-service design,Technical,Design and curate knowledge content and self-service experiences that deflect and resolve issues.,"Drafts knowledge articles from templates, with accuracy and clarity reviewed.",Independently authors and maintains standard self-service content to defined quality.,Designs self-service content for ambiguous needs and is the go-to for tough knowledge gaps.,Defines the knowledge architecture and authoring standards the team adopts.,Sets self-service strategy and anticipates what customers will need to solve themselves.,Defines best-practice knowledge and self-service design for the field and is externally credible.
SUP-07,Business & Corporate Functions,Customer Support & Service Operations,Self-Service & Knowledge,Support automation & deflection design,Technical,Build automated assist and routing flows that resolve common requests without agent effort.,"Configures simple automated responses from defined patterns, with logic reviewed.",Independently builds standard deflection flows and tunes them to routine demand.,"Designs automation for ambiguous, high-impact cases and is the go-to for complex deflection.",Defines the automation and deflection framework others adopt.,Sets deflection strategy and anticipates which interactions automation should absorb next.,Defines how the discipline approaches support automation and shapes industry practice.
SUP-08,Business & Corporate Functions,Customer Support & Service Operations,Quality & Performance,Quality assurance & CSAT management,Technical,Audit interactions against quality standards and manage satisfaction metrics to improve service.,Scores cases against a defined rubric and flags issues for a reviewer.,Independently audits quality and manages routine CSAT follow-up with normal oversight.,Interprets ambiguous quality signals and is the go-to for improving stubborn CSAT problems.,Designs the quality rubric and CSAT-improvement program the team adopts.,Sets quality and satisfaction strategy and anticipates emerging drivers of customer sentiment.,Defines what support quality means for the discipline and is externally credible on it.
SUP-09,Business & Corporate Functions,Customer Support & Service Operations,Quality & Performance,Support operations analytics & forecasting,Technical,"Analyze support data and forecast demand to inform staffing, trends, and performance.",Compiles support metrics into standard reports for a reviewer to interpret.,Independently analyzes operational data and produces routine forecasts with normal review.,Models ambiguous demand patterns and is the go-to for reliable forecasts in volatile conditions.,Defines the analytics and forecasting methodology others adopt.,Sets analytics strategy and anticipates how operational dynamics will shift forecasting needs.,Defines best-practice support analytics for the field and is sought externally for it.
SUP-10,Business & Corporate Functions,Customer Support & Service Operations,Workforce & Capacity,Workforce & shift planning for support,Technical,Forecast contact volume and schedule staff to meet coverage and service-level requirements.,"Slots agents into shifts using a defined schedule, with coverage reviewed.",Independently builds standard schedules that meet routine coverage requirements.,Balances complex constraints and volatile demand and is the go-to for tough staffing puzzles.,Defines the workforce-planning model and scheduling standards others adopt.,Sets workforce strategy and anticipates capacity needs ahead of demand shifts.,Defines best-practice support workforce planning for the discipline and is externally credible.
FIN-01,Business & Corporate Functions,Finance & Accounting,"Planning, Budgeting & Analysis",Financial planning & analysis (FP&A),Technical,"Builds forecasts, budgets, and variance analysis to guide resource allocation and performance.","Pulls data and updates planning templates, with analysis reviewed before use.",Independently builds standard analyses and variance reports with normal review.,Analyzes ambiguous business drivers and is the go-to for hard planning questions.,Defines the FP&A approach and analytical frameworks others adopt.,Sets FP&A strategy and anticipates how business dynamics will reshape planning.,Defines what excellent FP&A means for the profession and is externally credible on it.
FIN-02,Business & Corporate Functions,Finance & Accounting,"Planning, Budgeting & Analysis",Budgeting & forecasting,Technical,Develops operating and capital budgets and rolling forecasts aligned to financial targets.,"Enters budget inputs and updates forecast templates, with figures reviewed.",Independently prepares standard budgets and forecasts with normal review.,Builds forecasts under high uncertainty and is the go-to for reconciling conflicting assumptions.,Defines the budgeting and forecasting methodology others adopt.,Sets forecasting strategy and anticipates shifts that will challenge planning assumptions.,Defines best-practice budgeting and forecasting for the field and is sought externally for it.
FIN-03,Business & Corporate Functions,Finance & Accounting,"Planning, Budgeting & Analysis",Financial modeling & valuation,Technical,"Constructs quantitative models to value assets, businesses, and scenarios for decisions.","Populates model inputs and runs defined scenarios, with outputs reviewed.",Independently builds standard models and valuations with normal review.,"Models ambiguous, complex situations and is the go-to for defensible valuations.",Defines modeling standards and valuation approaches others adopt.,Sets modeling strategy and anticipates which methods best fit emerging situations.,Defines what rigorous financial modeling means for the profession and is externally recognized.
FIN-04,Business & Corporate Functions,Finance & Accounting,"Planning, Budgeting & Analysis",Capital planning & investment appraisal,Technical,"Evaluates capital projects using cash flow, payback, and return metrics to prioritize funding.","Gathers project data and computes defined metrics, with appraisals reviewed.",Independently appraises standard investments and prepares routine capital plans.,"Evaluates ambiguous, high-stakes investments and is the go-to for tough capital decisions.",Defines the appraisal methodology and capital-planning framework others adopt.,Sets capital-allocation strategy and anticipates how priorities will reshape investment.,Defines best-practice capital planning for the discipline and is externally credible on it.
FIN-05,Business & Corporate Functions,Finance & Accounting,Accounting & Reporting,Accounting & financial reporting,Technical,Records transactions and prepares financial statements per applicable accounting standards.,"Prepares routine entries and report sections per standards, with work reviewed.",Independently produces standard financial statements and disclosures with normal review.,Handles ambiguous accounting treatments and is the go-to for complex reporting judgments.,Defines reporting standards and accounting policy the team adopts.,Sets reporting strategy and anticipates how evolving standards will affect disclosure.,Defines best-practice financial reporting for the profession and shapes how others apply it.
FIN-06,Business & Corporate Functions,Finance & Accounting,Accounting & Reporting,Management & cost accounting,Technical,"Allocates and analyzes costs to support pricing, profitability, and management decisions.","Compiles cost data and updates standard cost reports, with allocations reviewed.",Independently prepares routine cost analyses and management reports with normal review.,Designs costing for ambiguous cases and is the go-to for complex allocation and margin questions.,Defines the costing methodology and management-reporting framework others adopt.,Sets cost-accounting strategy and anticipates how business changes will reshape costing.,Defines best-practice management and cost accounting for the field and is externally credible.
FIN-07,Business & Corporate Functions,Finance & Accounting,Accounting & Reporting,Revenue recognition & billing operations,Technical,Applies revenue standards and operates billing cycles to recognize and invoice earned revenue.,"Processes routine billing and revenue entries per rules, with work reviewed.",Independently handles standard revenue recognition and billing with normal review.,Resolves ambiguous recognition cases and is the go-to for complex contract and billing scenarios.,Defines revenue-recognition policy and billing-operations standards others adopt.,Sets revenue strategy and anticipates how new arrangements will affect recognition.,Defines best-practice revenue recognition for the profession and is sought externally for it.
FIN-08,Business & Corporate Functions,Finance & Accounting,Accounting & Reporting,General ledger & financial close,Technical,"Manages ledger integrity and reconciliations for accurate, timely period-end closes.","Posts routine entries and reconciliations per checklist, with work reviewed.",Independently runs standard close tasks and reconciliations with normal review.,Resolves ambiguous close issues and is the go-to for keeping a complex close on track.,Defines the close process and ledger-control standards others adopt.,Sets close strategy and anticipates how complexity will challenge the close.,Defines best-practice ledger and close management for the field and is externally credible.
FIN-09,Business & Corporate Functions,Finance & Accounting,Treasury & Capital,Treasury & cash management,Technical,"Manages liquidity, cash positioning, and short-term funding to optimize working capital.","Records cash positions and processes routine transactions, with work reviewed.",Independently manages standard cash operations and short-term liquidity with normal review.,Manages ambiguous liquidity situations and is the go-to for tough cash-flow decisions.,Defines the treasury and liquidity-management framework others adopt.,Sets treasury strategy and anticipates liquidity needs before they materialize.,Defines best-practice treasury and cash management for the discipline and is externally recognized.
FIN-10,Business & Corporate Functions,Finance & Accounting,Treasury & Capital,Financial risk management & hedging,Technical,"Mitigates currency, rate, credit, and commodity exposures using hedging instruments.","Gathers exposure data and applies defined hedging steps, with work reviewed.",Independently monitors standard risks and executes routine hedges with normal review.,"Assesses ambiguous, complex exposures and is the go-to for structuring difficult hedges.",Defines the risk-management and hedging methodology others adopt.,Sets risk strategy and anticipates emerging exposures before they materialize.,Defines best-practice financial risk management for the profession and shapes industry practice.
FIN-11,Business & Corporate Functions,Finance & Accounting,Treasury & Capital,Investor relations & capital markets,Behavioral,Communicates performance and strategy to investors to support capital access and valuation.,"Assembles investor materials from templates, with content reviewed before release.",Independently prepares standard investor communications and handles routine inquiries.,Navigates ambiguous market questions and is the go-to for tough investor conversations.,Defines the investor-relations and capital-markets approach others adopt.,Sets IR strategy and anticipates how market sentiment will shape positioning.,Defines best-practice investor relations for the field and is externally credible on it.
FIN-12,Business & Corporate Functions,Finance & Accounting,"Tax, Controls & Assurance",Tax planning & compliance,Technical,Plans tax positions and prepares filings to optimize liability while meeting obligations.,"Prepares routine tax filings and gathers documentation, with work reviewed.",Independently handles standard compliance and filings with normal review.,Resolves ambiguous tax positions and is the go-to for complex planning questions.,Defines tax-planning approaches and compliance standards others adopt.,Sets tax strategy and anticipates how regulatory change will affect positions.,Defines best-practice tax planning for the profession and is sought externally for it.
FIN-13,Business & Corporate Functions,Finance & Accounting,"Tax, Controls & Assurance",Internal controls & financial governance,Technical,Designs and operates control frameworks for reliable financial reporting and asset safety.,"Performs assigned control checks and documents results, with work reviewed.",Independently operates and tests standard controls with normal review.,Diagnoses ambiguous control gaps and is the go-to for designing robust controls.,Defines the control framework and governance standards others adopt.,Sets controls strategy and anticipates emerging risks that controls must address.,Defines best-practice financial governance for the discipline and is externally credible on it.
FIN-14,Business & Corporate Functions,Finance & Accounting,"Tax, Controls & Assurance",External & financial audit coordination,Technical,Plans and executes audit activities to verify accuracy and assess control effectiveness.,"Collects requested evidence and tracks audit items, with submissions reviewed.",Independently manages standard audit requests and routine auditor liaison with normal review.,Handles ambiguous audit matters and is the go-to for keeping a complex audit on track.,Defines the audit-coordination approach and readiness standards others adopt.,Sets audit-coordination strategy and anticipates scrutiny before it arises.,Defines best-practice audit coordination for the field and is externally recognized for it.
PROC-01,Business & Corporate Functions,Procurement & Vendor Management,Sourcing & Selection,Sourcing strategy & supplier selection,Technical,Develops sourcing strategies and evaluates suppliers to select best-fit sources of supply.,"Gathers supplier information and scores bids against criteria others define, with selections reviewed.","Runs standard sourcing events end-to-end, shortlisting suppliers and recommending awards for routine categories.",Designs sourcing approaches for ambiguous or complex needs and defends selection decisions to stakeholders.,Defines selection methodologies and weighting models that other sourcing professionals adopt across categories.,Sets organizational sourcing strategy and anticipates shifts in supply markets that reshape selection.,Defines industry practice for evidence-based supplier selection and is cited externally as authoritative.
PROC-02,Business & Corporate Functions,Procurement & Vendor Management,Sourcing & Selection,Category management,Technical,Segments spend into categories and applies tailored strategies to maximize value.,"Maintains category spend data and supplier lists under direction, flagging anomalies for review.","Manages a defined category, tracking spend, suppliers, and renewals with routine guidance.","Owns complex categories, building multi-year category plans that balance cost, risk, and innovation.",Designs the category management operating model and coaches managers on advanced category strategy.,Sets enterprise category strategy and predicts category market trends years ahead.,Pioneers category management frameworks adopted as reference practice across the profession.
PROC-03,Business & Corporate Functions,Procurement & Vendor Management,Sourcing & Selection,Competitive bidding & tendering,Technical,Designs and runs structured solicitation and evaluation to award competitive deals.,"Assembles tender documents and logs supplier responses against checklists, with steps reviewed.","Runs standard tenders independently, managing timelines, clarifications, and evaluation logistics.",Structures complex tenders with intricate requirements and resolves disputes and ambiguous responses.,Defines tendering methods and evaluation frameworks others use for high-stakes competitions.,Sets the organization's competitive bidding strategy and shapes how markets respond to its tenders.,"Establishes recognized standards for fair, defensible tendering across the discipline."
PROC-04,Business & Corporate Functions,Procurement & Vendor Management,Contracts & Negotiation,Supplier contract negotiation & administration,Behavioral,"Negotiates terms and administers contracts for favorable, enforceable agreements.",Tracks contract terms and renewal dates and prepares standard clauses under supervision.,Negotiates routine contract terms and administers agreements within established mandates.,"Leads complex negotiations, handling difficult counterparties and crafting bespoke commercial terms.",Defines negotiation playbooks and contract standards that other negotiators adopt.,Sets contracting strategy and anticipates legal and commercial shifts affecting supplier agreements.,Shapes contracting practice recognized industry-wide as the benchmark for sound supplier agreements.
PROC-05,Business & Corporate Functions,Procurement & Vendor Management,Supplier Performance & Risk,Supplier relationship & performance management,Behavioral,Builds supplier partnerships and monitors performance against service and value expectations.,Collects supplier performance data and updates scorecards with results reviewed.,"Manages routine supplier relationships, running reviews and tracking SLAs independently.","Owns critical supplier relationships, resolving conflicts and driving performance improvement under ambiguity.",Designs SRM frameworks and performance models that others adopt across the supplier base.,Sets enterprise supplier relationship strategy and foresees how key partnerships should evolve.,Defines what excellent supplier partnership means for the profession and is externally credible.
PROC-06,Business & Corporate Functions,Procurement & Vendor Management,Supplier Performance & Risk,Supplier risk & compliance,Technical,"Assesses and mitigates supplier financial, operational, and continuity risks.","Runs supplier risk checklists and compliance screens, escalating findings for review.",Assesses routine supplier risks and verifies compliance against standard requirements independently.,"Evaluates complex, ambiguous supplier risks and designs mitigation for critical exposures.",Defines supplier risk frameworks and compliance controls others apply across the supply base.,Sets supplier risk strategy and anticipates emerging regulatory and supply-chain threats.,Pioneers supplier risk and compliance practice regarded as authoritative across the industry.
PROC-07,Business & Corporate Functions,Procurement & Vendor Management,Spend & Operations,Spend analysis & cost optimization,Technical,"Analyzes spend to identify savings, consolidation, and total-cost-of-ownership opportunities.",Cleans and categorizes spend data and produces standard reports under guidance.,Analyzes spend independently to identify routine savings and reports cost opportunities.,Uncovers complex savings across fragmented spend and builds defensible optimization business cases.,Defines spend analytics methods and cost-optimization approaches that others adopt.,Sets enterprise cost strategy and predicts where structural savings will emerge.,Defines best practice for spend intelligence and cost optimization across the discipline.
PROC-08,Business & Corporate Functions,Procurement & Vendor Management,Spend & Operations,Procure-to-pay process management,Technical,"Optimizes the end-to-end procure-to-pay cycle for accuracy, speed, control, and cash efficiency.","Processes requisitions, orders, and invoices following defined procedures, with exceptions escalated.",Manages routine procure-to-pay flows independently and resolves common exceptions.,Handles complex P2P exceptions and redesigns local process steps to remove friction.,Defines P2P process and control standards that operators across the function adopt.,Sets P2P strategy and anticipates how processes should evolve for control and efficiency.,Establishes procure-to-pay practice recognized as the benchmark across the profession.
HR-01,Business & Corporate Functions,People & Talent (HR),Talent Acquisition,Talent acquisition & recruiting,Behavioral,"Owns end-to-end sourcing, assessment, and offer to fill roles with qualified candidates.","Screens applications and schedules interviews against defined criteria, with decisions reviewed.","Manages requisitions end-to-end for standard roles, sourcing and closing candidates independently.","Fills hard-to-source and senior roles, handling ambiguous needs and complex stakeholder demands.",Defines recruiting methods and assessment approaches that other recruiters adopt.,Sets talent acquisition strategy and anticipates shifts in talent markets and hiring needs.,Shapes recruiting practice recognized industry-wide as the standard for effective hiring.
HR-02,Business & Corporate Functions,People & Talent (HR),Talent Acquisition,Employer branding & candidate experience,Behavioral,Shapes market reputation and candidate journey to attract and convert talent.,Publishes branded content and gathers candidate feedback following defined guidelines.,Runs standard employer-branding activities and improves candidate touchpoints independently.,Crafts compelling employer narratives and resolves complex candidate-experience breakdowns.,Defines branding and candidate-experience frameworks that other practitioners adopt.,Sets employer-brand strategy and anticipates how talent perceptions and channels will shift.,Defines what a leading employer brand and candidate experience look like for the field.
HR-03,Business & Corporate Functions,People & Talent (HR),Talent Acquisition,Workforce sourcing strategy & pipelining,Behavioral,Builds proactive talent pools and sourcing channels to meet future hiring demand.,Builds candidate lists and maintains talent pools using defined search criteria.,Runs proactive sourcing campaigns and sustains pipelines for routine roles independently.,Designs sourcing strategies for scarce skills and builds pipelines under high ambiguity.,Defines sourcing and pipelining methodologies that other sourcers adopt.,Sets enterprise workforce-sourcing strategy and predicts future talent-supply gaps.,Pioneers talent-pipelining practice recognized as authoritative across the profession.
HR-04,Business & Corporate Functions,People & Talent (HR),Total Rewards,Total rewards & compensation design,Technical,"Designs pay structures, bands, and incentives that are equitable and market-competitive.","Maintains pay data and benchmarks roles against defined bands, with results reviewed.",Conducts standard compensation analysis and recommends routine pay decisions independently.,Designs pay structures for complex roles and resolves contentious equity and market issues.,Defines compensation philosophy and design frameworks that other rewards professionals adopt.,Sets total rewards strategy and anticipates market and regulatory shifts in pay.,Shapes compensation-design practice regarded industry-wide as the benchmark.
HR-05,Business & Corporate Functions,People & Talent (HR),Total Rewards,Benefits & wellbeing program management,Technical,"Administers health, retirement, leave, and wellbeing offerings across the workforce.",Administers enrollments and answers routine benefits questions following defined procedures.,Manages standard benefits and wellbeing programs and resolves common issues independently.,Designs benefits offerings for complex needs and resolves ambiguous coverage and vendor problems.,Defines benefits and wellbeing program frameworks that other administrators adopt.,Sets benefits and wellbeing strategy and anticipates workforce-health and cost trends.,Defines leading practice for benefits and wellbeing across the discipline.
HR-06,Business & Corporate Functions,People & Talent (HR),Total Rewards,Equity & long-term incentive administration,Technical,Manages equity and long-term incentive programs and their governance and reporting.,"Records grants and processes vesting events following defined procedures, with checks reviewed.","Administers standard equity and incentive plans independently, handling routine transactions.","Resolves complex equity events and edge cases across grants, taxation, and reporting.",Defines equity-administration controls and processes that other administrators adopt.,Sets long-term incentive administration strategy and anticipates regulatory and plan-design shifts.,Establishes equity-administration practice recognized as the standard across the profession.
HR-07,Business & Corporate Functions,People & Talent (HR),Learning & Org Development,Learning & development program design,Behavioral,"Builds curricula, capability frameworks, and delivery models that grow workforce skills.","Assembles learning materials and schedules sessions against defined objectives, with content reviewed.",Designs and delivers standard learning programs independently for routine needs.,Designs learning solutions for complex skill gaps and ambiguous capability needs.,Defines instructional-design methods and learning frameworks that other designers adopt.,Sets enterprise learning strategy and anticipates future capability and skill demands.,Pioneers learning-design practice recognized industry-wide as authoritative.
HR-08,Business & Corporate Functions,People & Talent (HR),Learning & Org Development,Organizational development & culture programs,Behavioral,"Designs interventions that strengthen culture, values, and organizational effectiveness.",Supports culture initiatives and collects feedback following defined plans.,Runs standard OD and culture interventions independently for routine situations.,Diagnoses complex organizational dysfunction and designs interventions under high ambiguity.,Defines OD methods and culture-change frameworks that other practitioners adopt.,Sets organizational-development strategy and anticipates cultural shifts the organization must make.,Shapes OD and culture practice regarded as the benchmark across the discipline.
HR-09,Business & Corporate Functions,People & Talent (HR),Learning & Org Development,Talent management & succession programs,Behavioral,"Owns frameworks for identifying, developing, and retaining critical and high-potential talent.",Maintains talent and succession data and prepares review materials under direction.,Runs standard talent-review and succession cycles independently for defined populations.,"Designs succession approaches for critical, ambiguous roles and resolves contested talent calls.",Defines talent-management and succession frameworks that other practitioners adopt.,Sets enterprise succession strategy and anticipates future leadership and capability gaps.,Defines leading practice for talent management and succession across the profession.
HR-10,Business & Corporate Functions,People & Talent (HR),Learning & Org Development,DEI program management,Behavioral,"Runs diversity, equity, and inclusion strategy, programs, and accountability measures.",Supports DEI activities and compiles representation data following defined plans.,Runs standard DEI programs independently and tracks routine progress measures.,"Designs DEI interventions for complex, sensitive challenges under significant ambiguity.",Defines DEI program frameworks and measurement approaches that other practitioners adopt.,Sets enterprise DEI strategy and anticipates shifts in equity expectations and regulation.,Pioneers DEI practice recognized externally as authoritative across the field.
HR-11,Business & Corporate Functions,People & Talent (HR),HR Partnering & Employee Relations,HR business partnering,Behavioral,"Advises leaders on people strategy, organizational issues, and workforce decisions.","Answers routine manager queries and gathers people data, with guidance reviewed.",Advises managers on standard people matters independently within established policy.,"Partners on complex, ambiguous people challenges and influences senior leaders' decisions.",Defines HR partnering approaches and coaching models that other partners adopt.,Sets the HR partnering operating model and anticipates the business's future people needs.,Defines what excellent HR partnering means for the discipline and is externally credible.
HR-12,Business & Corporate Functions,People & Talent (HR),HR Partnering & Employee Relations,Employee relations & investigations,Behavioral,"Handles grievances, conduct concerns, and workplace investigations fairly and consistently.","Documents cases and gathers evidence following defined procedures, with steps reviewed.",Handles routine ER cases and conducts standard investigations independently.,"Manages complex, high-risk investigations and resolves sensitive disputes under ambiguity.",Defines investigation methods and ER frameworks that other practitioners adopt.,Sets employee-relations strategy and anticipates emerging workforce-conflict and legal risks.,Establishes ER and investigations practice recognized as the standard across the profession.
HR-13,Business & Corporate Functions,People & Talent (HR),HR Partnering & Employee Relations,Employee engagement & listening programs,Behavioral,Runs surveys and feedback systems to measure and act on workforce sentiment.,Administers surveys and compiles engagement results following defined procedures.,Runs standard listening cycles independently and reports routine engagement insights.,Designs listening strategies for complex needs and turns ambiguous signals into action.,Defines engagement and listening frameworks that other practitioners adopt.,Sets enterprise engagement strategy and anticipates shifts in workforce sentiment and expectations.,Pioneers employee-listening practice regarded industry-wide as authoritative.
HR-14,Business & Corporate Functions,People & Talent (HR),People Operations & Compliance,HR operations & lifecycle administration,Technical,Administers accurate records and transactions across hire-to-retire lifecycle events.,"Processes lifecycle transactions following defined procedures, escalating exceptions for review.","Manages routine HR operations and lifecycle events independently, resolving common issues.",Handles complex lifecycle exceptions and redesigns local processes to improve service.,Defines HR operations standards and controls that other administrators adopt.,Sets HR operations strategy and anticipates how lifecycle services should evolve.,Establishes HR operations practice recognized as the benchmark across the profession.
HR-15,Business & Corporate Functions,People & Talent (HR),People Operations & Compliance,HR compliance & employment law application,Technical,"Applies employment laws and regulations to policies, decisions, and practices.",Applies defined compliance checklists and flags potential issues for review.,Applies standard employment-law requirements to routine situations independently.,Interprets ambiguous legal requirements and advises on complex compliance risks.,Defines compliance frameworks and interpretive guidance that other practitioners adopt.,Sets HR compliance strategy and anticipates regulatory change affecting the workforce.,Shapes employment-compliance practice regarded as authoritative across the discipline.
HR-16,Business & Corporate Functions,People & Talent (HR),People Operations & Compliance,People analytics & workforce planning,Technical,"Models workforce supply, demand, and trends to inform people decisions with data.",Compiles workforce data and produces standard reports under guidance.,Builds routine workforce analyses and forecasts independently for defined needs.,"Models complex workforce scenarios and derives insight from ambiguous, messy data.",Defines analytics methods and workforce-planning models that other analysts adopt.,Sets people-analytics strategy and anticipates the workforce shifts the organization must plan for.,Pioneers people-analytics and workforce-planning practice recognized as authoritative.
WPL-01,Business & Corporate Functions,"Workplace, Facilities & Real Estate",Facilities & Space,Facilities & space management,Technical,"Plans, allocates, and maintains physical workspace to meet occupancy and operational needs.",Updates space records and processes facilities requests following defined procedures.,Manages routine space allocation and facilities services independently for standard needs.,Solves complex space and utilization challenges and plans moves under significant ambiguity.,Defines space-management standards and planning approaches that others adopt.,Sets enterprise space strategy and anticipates how workplace demand will evolve.,Defines leading practice for facilities and space management across the discipline.
WPL-02,Business & Corporate Functions,"Workplace, Facilities & Real Estate",Facilities & Space,Building operations & maintenance management,Technical,"Operates building systems and preventive maintenance to ensure reliable, safe facilities.",Logs maintenance requests and tracks routine tasks following defined procedures.,Manages standard building operations and planned maintenance independently.,Resolves complex building failures and optimizes maintenance under operational ambiguity.,Defines maintenance and building-operations standards that other managers adopt.,Sets building-operations strategy and anticipates asset-lifecycle and reliability needs.,Establishes building-operations practice recognized as the benchmark across the profession.
WPL-03,Business & Corporate Functions,"Workplace, Facilities & Real Estate",Facilities & Space,Capital projects & fit-out delivery,Technical,"Delivers construction, renovation, and fit-out projects on scope, budget, and schedule.","Tracks project tasks and documents progress following defined plans, with work reviewed.","Manages standard fit-out projects independently, controlling scope, schedule, and budget.","Delivers complex projects and resolves difficult scope, cost, and contractor problems.",Defines project-delivery methods and fit-out standards that others adopt.,Sets capital-projects strategy and anticipates how the portfolio's space must change.,Pioneers capital-project delivery practice recognized industry-wide as authoritative.
WPL-04,Business & Corporate Functions,"Workplace, Facilities & Real Estate",Real Estate & Portfolio,Real estate & lease management,Technical,"Manages the property portfolio, leases, and occupancy costs across locations.",Maintains lease records and tracks critical dates following defined procedures.,Administers leases and routine real-estate transactions independently within mandates.,Negotiates complex leases and resolves ambiguous occupancy and landlord disputes.,Defines lease-management and transaction standards that others adopt.,Sets real-estate strategy and anticipates market and occupancy shifts affecting the portfolio.,Shapes real-estate and lease-management practice regarded as the benchmark.
WPL-05,Business & Corporate Functions,"Workplace, Facilities & Real Estate",Real Estate & Portfolio,Workplace portfolio strategy & site selection,Behavioral,"Sets location strategy and evaluates sites against business, cost, and talent needs.",Compiles site and portfolio data and prepares comparison materials under direction.,Evaluates standard site options and supports routine portfolio decisions independently.,Designs site-selection approaches for complex needs and resolves competing location trade-offs.,Defines portfolio-strategy and site-selection frameworks that others adopt.,Sets enterprise portfolio strategy and anticipates how location needs will evolve.,Defines leading practice for workplace portfolio strategy across the discipline.
WPL-06,Business & Corporate Functions,"Workplace, Facilities & Real Estate",Workplace Experience,Workplace experience & services,Behavioral,Designs on-site services and amenities that support productivity and employee experience.,Delivers routine workplace services and gathers user feedback following defined plans.,Manages standard workplace-experience services independently and resolves common issues.,Designs experience improvements for complex needs and resolves ambiguous service breakdowns.,Defines workplace-experience standards and service models that others adopt.,Sets workplace-experience strategy and anticipates shifts in employee expectations.,Pioneers workplace-experience practice recognized industry-wide as authoritative.
WPL-07,Business & Corporate Functions,"Workplace, Facilities & Real Estate",Workplace Experience,Sustainability & energy management,Technical,"Manages energy use, emissions, and sustainability of the built environment and operations.",Records energy and sustainability data and runs standard reports under guidance.,Manages routine energy and sustainability initiatives independently for defined targets.,Designs sustainability and energy solutions for complex sites under significant ambiguity.,Defines sustainability and energy-management frameworks that others adopt.,Sets sustainability strategy and anticipates regulatory and resource shifts affecting the portfolio.,Defines leading practice for workplace sustainability and energy across the discipline.
WPL-08,Business & Corporate Functions,"Workplace, Facilities & Real Estate","Health, Safety & Security",Environmental health & safety,Technical,Ensures safe working conditions and compliance with occupational health and safety standards.,Conducts routine safety checks and logs incidents following defined procedures.,Manages standard EHS programs and investigations independently within policy.,Resolves complex safety hazards and ambiguous compliance situations under risk.,Defines EHS standards and risk-assessment methods that others adopt.,Sets EHS strategy and anticipates emerging hazards and regulatory change.,Establishes environmental-health-and-safety practice recognized as authoritative across the field.
WPL-09,Business & Corporate Functions,"Workplace, Facilities & Real Estate","Health, Safety & Security",Physical security & access management,Technical,"Protects people and premises through access control, monitoring, and security operations.",Monitors access systems and logs incidents following defined procedures.,Manages routine physical-security operations and access controls independently.,Resolves complex security incidents and designs controls for ambiguous threats.,Defines physical-security standards and access frameworks that others adopt.,Sets physical-security strategy and anticipates emerging threats to people and assets.,Pioneers physical-security and access-management practice recognized industry-wide as authoritative.
LEG-01,Business & Corporate Functions,"Legal, Privacy & Compliance",Commercial & Transactional Law,Contract drafting & negotiation,Technical,"Draft, review, and negotiate contractual terms that allocate risk and obligations.",Drafts standard clauses from approved templates; flags deviations and negotiation points for supervising counsel review.,"Drafts and redlines routine commercial agreements independently, negotiating standard terms with normal counsel oversight.","Handles bespoke, high-ambiguity contracts and contentious negotiations autonomously; the go-to drafter for novel deal terms.",Designs clause libraries and negotiation playbooks others adopt; resolves drafting impasses that stall complex deals.,Sets the organization's contracting standards and risk posture; anticipates emerging clauses and shifts negotiation strategy.,Defines contracting best practice recognized across the profession; authors model terms others treat as market standard.
LEG-02,Business & Corporate Functions,"Legal, Privacy & Compliance",Commercial & Transactional Law,Commercial & transactional law,Technical,"Advise on the legal structuring of commercial deals, financing, and transactions.",Researches commercial-law questions and prepares routine transactional documents under close supervision.,Advises on standard commercial matters and structures routine transactions independently with normal review.,Resolves ambiguous commercial-law issues and structures non-standard deals autonomously; the local subject expert.,Defines transaction structures and risk frameworks others follow; cracks problems that stall sophisticated deals.,Sets the firm's commercial-law approach and anticipates regulatory and market shifts affecting transactions.,Shapes commercial-law practice industry-wide; externally cited authority on transactional structuring.
LEG-03,Business & Corporate Functions,"Legal, Privacy & Compliance",Commercial & Transactional Law,M&A & corporate transactions (legal),Technical,"Provide legal support for due diligence, structuring, and execution of corporate transactions.",Assembles diligence checklists and supporting documents for deals under senior supervision.,Runs defined diligence workstreams and drafts routine deal documents independently with normal review.,Manages full deal legal workstreams and negotiates complex provisions autonomously through ambiguity.,Architects deal structures and diligence approaches others adopt; resolves issues that threaten closing.,Sets the organization's M&A legal strategy; anticipates structuring and regulatory risks across the deal lifecycle.,Defines deal-execution practice recognized industry-wide; sought externally on landmark transactions.
LEG-04,Business & Corporate Functions,"Legal, Privacy & Compliance",Corporate & Regulatory Counsel,Corporate & entity governance,Technical,"Maintain legal entity structures, board governance, and statutory corporate obligations.",Maintains entity records and prepares routine corporate filings and minutes under supervision.,Manages governance for standard entities and prepares board materials independently with normal review.,Handles complex multi-entity governance and novel corporate-secretarial questions autonomously.,Designs governance structures and entity frameworks others adopt; resolves intractable governance conflicts.,Sets enterprise governance strategy and anticipates regulatory shifts affecting entity structures.,Defines governance best practice recognized across the field; externally credible authority.
LEG-05,Business & Corporate Functions,"Legal, Privacy & Compliance",Corporate & Regulatory Counsel,Regulatory & licensing compliance,Technical,"Interpret and apply sector regulations, permits, and licensing requirements to operations.",Tracks licensing requirements and prepares routine regulatory filings under supervision.,Manages standard licensing and compliance obligations independently with normal review.,Resolves ambiguous regulatory-interpretation questions and handles complex licensing autonomously.,Designs compliance approaches to novel regulation others adopt; resolves contested regulatory positions.,Sets regulatory strategy and engages regulators; anticipates emerging requirements ahead of enforcement.,Shapes regulatory practice and interpretation industry-wide; externally recognized authority.
LEG-06,Business & Corporate Functions,"Legal, Privacy & Compliance",Corporate & Regulatory Counsel,Intellectual property management,Technical,"Protect, register, and enforce trademarks, patents, copyrights, and trade secrets.",Maintains IP records and prepares routine filings and renewals under supervision.,Manages standard IP portfolios and prosecution tasks independently with normal review.,"Handles complex IP strategy, contested rights, and licensing questions autonomously.",Designs IP protection and enforcement strategies others adopt; resolves the hardest portfolio disputes.,Sets enterprise IP strategy aligned to business value; anticipates shifts in IP law and risk.,Defines IP-management practice recognized across the field; externally cited authority.
LEG-07,Business & Corporate Functions,"Legal, Privacy & Compliance",Corporate & Regulatory Counsel,Employment & labor law advisory,Technical,"Advise on workforce legal matters including hiring, conduct, terminations, and labor relations.",Researches employment questions and drafts routine policy and correspondence under supervision.,Advises on standard employment matters and handles routine cases independently with normal review.,"Resolves ambiguous, high-stakes employment disputes and complex workforce questions autonomously.",Defines employment-risk frameworks and advisory approaches others adopt; solves the hardest cases.,Sets enterprise employment-law strategy; anticipates regulatory and workforce-law shifts.,Shapes employment-law practice industry-wide; externally recognized authority.
LEG-08,Business & Corporate Functions,"Legal, Privacy & Compliance",Dispute & Litigation Management,Litigation & dispute management,Technical,"Manage litigation strategy, proceedings, and resolution of legal disputes and claims.",Supports litigation by preparing documents and tracking deadlines under close supervision.,Manages routine disputes and defined litigation tasks independently with normal review.,"Drives complex, high-exposure litigation strategy and settlement decisions autonomously.","Defines dispute-strategy frameworks others adopt; resolves the most intractable, bet-the-company matters.",Sets enterprise litigation strategy and risk appetite; anticipates emerging dispute exposures.,Defines litigation-management practice recognized across the profession; externally credible authority.
LEG-09,Business & Corporate Functions,"Legal, Privacy & Compliance",Dispute & Litigation Management,Legal hold & evidence management,Technical,"Preserve, collect, and govern records and evidence in anticipation of proceedings.",Issues standard legal-hold notices and tracks acknowledgments under supervision.,Manages routine holds and evidence-preservation processes independently with normal review.,"Designs and defends holds for complex, contested matters autonomously through ambiguity.",Defines preservation and collection methodologies others adopt; resolves spoliation-risk challenges.,Sets enterprise preservation strategy; anticipates evidentiary and regulatory shifts in discovery.,Defines evidence-preservation best practice recognized across the field; externally cited authority.
LEG-10,Business & Corporate Functions,"Legal, Privacy & Compliance",Data Protection & Privacy,Data protection & privacy law,Technical,Apply data protection and privacy legal requirements to the handling of personal information.,Researches privacy-law questions and completes routine assessments under supervision.,Advises on standard privacy matters and conducts routine assessments independently with normal review.,Resolves ambiguous cross-jurisdictional privacy questions and complex processing autonomously.,Defines privacy-law interpretation and risk frameworks others adopt; solves the hardest questions.,Sets enterprise privacy-law strategy; anticipates regulatory and enforcement shifts ahead of peers.,Shapes privacy-law practice and interpretation industry-wide; externally recognized authority.
LEG-11,Business & Corporate Functions,"Legal, Privacy & Compliance",Data Protection & Privacy,Privacy program management,Technical,"Operate the privacy governance program including rights handling, notices, and accountability.",Maintains privacy-program records and supports defined controls under supervision.,Operates standard privacy-program processes and assessments independently with normal review.,Runs a full privacy program through ambiguity and complex incidents autonomously.,Designs privacy-program architectures and operating models others adopt; resolves the hardest gaps.,Sets enterprise privacy-program strategy; anticipates regulatory and operational shifts.,Defines privacy-program best practice recognized across the field; externally credible authority.
LEG-12,Business & Corporate Functions,"Legal, Privacy & Compliance",Legal Operations & Advisory,Legal operations & matter management,Technical,"Run the legal function's intake, workflow, knowledge, and outside-counsel management.",Tracks matters and maintains legal-ops records and reports under supervision.,"Manages standard matter-intake, vendor, and reporting processes independently with normal review.",Optimizes complex matter portfolios and resolves ambiguous operational issues autonomously.,Designs legal-ops processes and metrics frameworks others adopt; solves the hardest operating problems.,Sets enterprise legal-operations strategy; anticipates shifts in delivery models and tooling.,Defines legal-operations best practice recognized across the profession; externally cited authority.
LEG-13,Business & Corporate Functions,"Legal, Privacy & Compliance",Legal Operations & Advisory,Legal advisory & business partnering,Behavioral,"Provide practical, risk-balanced legal guidance to business stakeholders on decisions.",Answers routine business questions and escalates appropriately under supervision.,Advises business stakeholders on standard matters independently with normal review.,"Provides decisive counsel on ambiguous, high-stakes business questions autonomously; the trusted go-to advisor.",Defines advisory frameworks balancing legal risk and business value that others adopt.,Sets the model for embedded legal partnering; anticipates business and legal-risk shifts.,Defines business-partnering best practice recognized across the field; externally credible authority.
RISK-01,Business & Corporate Functions,"Enterprise Risk, Audit & Governance",Enterprise Risk Management,Enterprise risk management,Technical,"Identify, assess, treat, and monitor risks across the organization within a risk appetite.",Maintains risk registers and gathers risk data under supervision.,Conducts standard risk assessments and updates registers independently with normal review.,"Assesses complex, interconnected enterprise risks and sets local methodology autonomously.",Designs the enterprise risk framework and appetite model others adopt; solves the hardest risk problems.,Sets enterprise risk strategy and appetite at board level; anticipates emerging systemic risks.,Defines enterprise-risk practice recognized industry-wide; externally cited authority.
RISK-02,Business & Corporate Functions,"Enterprise Risk, Audit & Governance",Enterprise Risk Management,Operational & financial risk assessment,Technical,"Evaluate process, operational, and financial exposures and recommend mitigating controls.",Collects data and completes defined risk-assessment templates under supervision.,Performs standard operational and financial risk assessments independently with normal review.,"Assesses complex, ambiguous operational and financial risks autonomously; the local expert.",Defines assessment methodologies and quantification models others adopt; cracks the hardest analyses.,Sets the organization's risk-assessment approach; anticipates emerging operational and financial exposures.,Defines risk-assessment best practice recognized across the field; externally credible authority.
RISK-03,Business & Corporate Functions,"Enterprise Risk, Audit & Governance",Enterprise Risk Management,Third-party & vendor risk,Technical,"Assess and monitor risks introduced by suppliers, partners, and outsourced relationships.",Completes vendor risk questionnaires and tracks assessments under supervision.,Conducts standard third-party risk assessments and monitoring independently with normal review.,"Assesses complex, high-criticality vendor and supply-chain risks autonomously through ambiguity.",Designs the third-party risk framework and tiering model others adopt; resolves the hardest exposures.,Sets enterprise third-party risk strategy; anticipates emerging supply-chain and concentration risks.,Defines third-party risk practice recognized industry-wide; externally cited authority.
RISK-04,Business & Corporate Functions,"Enterprise Risk, Audit & Governance",Compliance Program Management,Regulatory compliance program management,Technical,Design and operate programs ensuring ongoing adherence to applicable laws and regulations.,Maintains compliance-program records and supports defined controls under supervision.,Operates standard compliance-program processes and assessments independently with normal review.,Runs a full compliance program through ambiguity and complex obligations autonomously.,Designs compliance-program architectures and operating models others adopt; resolves the hardest gaps.,Sets enterprise compliance-program strategy; anticipates regulatory shifts ahead of enforcement.,Defines compliance-program best practice recognized across the field; externally credible authority.
RISK-05,Business & Corporate Functions,"Enterprise Risk, Audit & Governance",Compliance Program Management,Compliance monitoring & regulatory reporting,Technical,"Track obligations, test adherence, and prepare required regulatory submissions.",Compiles monitoring data and prepares routine regulatory reports under supervision.,Executes standard monitoring and reporting cycles independently with normal review.,Designs monitoring for complex obligations and resolves ambiguous reporting questions autonomously.,Defines monitoring and reporting methodologies others adopt; solves the hardest data and interpretation problems.,Sets enterprise monitoring and reporting strategy; anticipates shifts in regulatory expectations.,Defines compliance-monitoring best practice recognized industry-wide; externally cited authority.
RISK-06,Business & Corporate Functions,"Enterprise Risk, Audit & Governance",Internal Audit & Controls,Internal audit & controls assurance,Technical,Plan and execute independent audits to assess control effectiveness and provide assurance.,Executes defined audit test steps and documents results under supervision.,Conducts standard audits and assurance procedures independently with normal review.,"Leads complex, high-risk audits and resolves contested findings autonomously.",Defines audit methodologies and risk-based approaches others adopt; cracks the hardest engagements.,Sets the enterprise audit strategy and assurance model; anticipates emerging assurance needs.,Defines internal-audit practice recognized across the profession; externally credible authority.
RISK-07,Business & Corporate Functions,"Enterprise Risk, Audit & Governance",Internal Audit & Controls,Internal controls design & testing,Technical,"Define, document, and test control frameworks that mitigate key business risks.",Documents controls and executes defined test scripts under supervision.,Designs and tests standard controls independently with normal review.,Designs controls for complex processes and resolves ambiguous design gaps autonomously.,Defines control-design frameworks and testing methodologies others adopt; solves the hardest control problems.,Sets the enterprise control-environment strategy; anticipates emerging control and automation needs.,Defines controls-design best practice recognized industry-wide; externally cited authority.
RISK-08,Business & Corporate Functions,"Enterprise Risk, Audit & Governance","Governance, Policy & Ethics",Policy & standards governance,Technical,"Develop, approve, and maintain enterprise policies, standards, and their lifecycle.",Drafts routine policy updates from templates and tracks versions under supervision.,Develops and maintains standard policies and standards independently with normal review.,"Resolves ambiguous, cross-functional policy conflicts and authors complex standards autonomously.",Designs the policy-governance framework and lifecycle others adopt; resolves the hardest policy tensions.,Sets enterprise policy-governance strategy; anticipates emerging policy and standards needs.,Defines policy-governance best practice recognized across the field; externally credible authority.
RISK-09,Business & Corporate Functions,"Enterprise Risk, Audit & Governance","Governance, Policy & Ethics",Ethics & conduct program management,Behavioral,"Foster ethical conduct through codes, training, and a culture of integrity.",Supports ethics-program operations and tracks training and disclosures under supervision.,Operates standard ethics and conduct processes independently with normal review.,"Handles complex, sensitive conduct matters and ambiguous ethical questions autonomously.",Designs ethics-program architecture and culture measures others adopt; resolves the hardest dilemmas.,Sets enterprise ethics strategy and tone-at-the-top approach; anticipates emerging conduct risks.,Defines ethics-program best practice recognized industry-wide; externally cited authority.
RISK-10,Business & Corporate Functions,"Enterprise Risk, Audit & Governance","Governance, Policy & Ethics",Fraud prevention & investigations,Technical,"Detect, investigate, and respond to fraud, misconduct, and integrity violations.",Gathers evidence and documents investigation steps under supervision.,Conducts standard fraud investigations and control reviews independently with normal review.,"Leads complex, high-stakes investigations and ambiguous fraud schemes autonomously.",Defines investigation methodologies and fraud-detection frameworks others adopt; cracks the hardest cases.,Sets enterprise fraud-risk strategy; anticipates emerging fraud schemes and exposures.,Defines fraud-investigation best practice recognized across the profession; externally credible authority.
RISK-11,Business & Corporate Functions,"Enterprise Risk, Audit & Governance",Resilience & Continuity,Business continuity & resilience,Technical,Plan and maintain capabilities to sustain and recover critical operations during disruption.,Maintains continuity documentation and supports defined exercises under supervision.,Develops standard continuity plans and runs routine exercises independently with normal review.,"Designs resilience for complex, interdependent operations and resolves ambiguous gaps autonomously.",Defines the resilience framework and impact-analysis methodology others adopt; solves the hardest scenarios.,Sets enterprise resilience strategy; anticipates emerging disruption and concentration risks.,Defines resilience best practice recognized industry-wide; externally cited authority.
RISK-12,Business & Corporate Functions,"Enterprise Risk, Audit & Governance",Resilience & Continuity,Crisis management & response coordination,Behavioral,"Coordinate organizational response, decision-making, and communication during crisis events.",Supports crisis logistics and documentation under supervision.,Coordinates defined crisis-response tasks and communications independently with normal review.,"Leads response for complex, fast-moving crises and ambiguous decisions autonomously.",Defines crisis-response frameworks and command structures others adopt; steers the hardest crises.,Sets enterprise crisis-management strategy; anticipates emerging crisis scenarios and readiness gaps.,Defines crisis-management best practice recognized across the field; externally credible authority.
STRAT-01,Business & Corporate Functions,Corporate Strategy & Executive Leadership,Strategy Formulation,Corporate strategy formulation,Behavioral,"Define enterprise direction, scope, and competitive positioning to create durable advantage.",Gathers inputs and assembles analysis for strategy work under supervision.,Develops components of strategy and standard analyses independently with normal review.,Frames ambiguous strategic problems and shapes coherent strategy autonomously; the go-to strategist.,Defines strategy-formulation approaches others adopt; resolves the hardest strategic trade-offs.,Sets the enterprise strategic direction; anticipates major shifts reshaping the competitive landscape.,Defines corporate-strategy practice recognized industry-wide; externally cited thought leader.
STRAT-02,Business & Corporate Functions,Corporate Strategy & Executive Leadership,Strategy Formulation,Strategic planning & OKR cascading,Behavioral,Translate strategy into multi-horizon plans and cascading objectives across the enterprise.,Maintains planning artifacts and tracks objectives under supervision.,Runs standard planning cycles and cascades objectives independently with normal review.,"Designs planning for complex, interdependent units and resolves misalignment autonomously.",Defines the planning and goal-cascade methodology others adopt; fixes the hardest alignment failures.,Sets the enterprise planning operating model; anticipates shifts in how strategy translates to execution.,Defines strategic-planning best practice recognized across the field; externally credible authority.
STRAT-03,Business & Corporate Functions,Corporate Strategy & Executive Leadership,Strategy Formulation,Business model & innovation strategy,Behavioral,"Design and evolve how the organization creates, delivers, and captures value over time.",Researches business models and supports innovation analysis under supervision.,Develops standard business-model analyses and innovation cases independently with normal review.,Designs novel business models and resolves ambiguous innovation bets autonomously.,Defines business-model and innovation frameworks others adopt; cracks the hardest model problems.,Sets enterprise business-model and innovation strategy; anticipates disruptive shifts.,Defines business-model innovation practice recognized industry-wide; externally cited thought leader.
STRAT-04,Business & Corporate Functions,Corporate Strategy & Executive Leadership,Strategy Formulation,Scenario planning & strategic foresight,Technical,Anticipate future conditions through scenarios and signals to stress-test strategic choices.,Gathers signals and supports scenario documentation under supervision.,Builds standard scenarios and trend analyses independently with normal review.,"Constructs complex, ambiguous scenarios and derives strategic implications autonomously.",Defines foresight methodologies others adopt; surfaces the non-obvious futures others miss.,Sets the enterprise foresight approach; anticipates structural shifts ahead of the market.,Defines strategic-foresight best practice recognized across the field; externally credible authority.
STRAT-05,Business & Corporate Functions,Corporate Strategy & Executive Leadership,Market & Competitive Insight,Market & competitive intelligence,Technical,"Analyze markets, customers, and rivals to inform positioning and strategic moves.",Collects market and competitor data and compiles routine briefs under supervision.,Produces standard competitive analyses and market assessments independently with normal review.,Synthesizes ambiguous signals into decisive competitive insight autonomously; the go-to analyst.,Defines intelligence methodologies and frameworks others adopt; cracks the hardest market questions.,Sets the enterprise intelligence agenda; anticipates competitive and market shifts ahead of rivals.,Defines competitive-intelligence best practice recognized industry-wide; externally cited authority.
STRAT-06,Business & Corporate Functions,Corporate Strategy & Executive Leadership,Corporate Development,"Mergers, acquisitions & corporate development",Technical,"Source, evaluate, and integrate inorganic growth opportunities including deals and partnerships.",Compiles target data and supports deal models under supervision.,"Runs standard screening, modeling, and diligence workstreams independently with normal review.","Drives complex deal evaluation, structuring, and negotiation autonomously through ambiguity.",Defines deal-evaluation and integration frameworks others adopt; resolves the hardest deal problems.,Sets the enterprise corporate-development strategy and portfolio direction; anticipates consolidation shifts.,Defines corporate-development practice recognized industry-wide; externally credible authority on deals.
STRAT-07,Business & Corporate Functions,Corporate Strategy & Executive Leadership,Corporate Development,Capital allocation & investment prioritization,Technical,Allocate scarce capital across initiatives to maximize risk-adjusted enterprise returns.,Compiles investment data and supports prioritization analyses under supervision.,Evaluates standard investments and applies allocation criteria independently with normal review.,"Prioritizes complex, competing investments under ambiguity and constraint autonomously.",Defines capital-allocation frameworks and hurdle models others adopt; resolves the hardest trade-offs.,Sets the enterprise capital-allocation strategy; anticipates shifts in where value is created.,Defines capital-allocation best practice recognized across the field; externally cited authority.
STRAT-08,Business & Corporate Functions,Corporate Strategy & Executive Leadership,Corporate Development,Business case & financial analysis,Technical,Build rigorous financial cases and valuations to justify and compare major investments.,Builds routine financial models and gathers assumptions under supervision.,Develops standard business cases and analyses independently with normal review.,"Constructs rigorous cases for complex, ambiguous decisions autonomously; the go-to analyst.",Defines business-case and modeling standards others adopt; cracks the hardest valuation problems.,Sets the enterprise investment-analysis approach; anticipates shifts in value drivers and risk.,Defines business-case and financial-analysis best practice recognized industry-wide; externally credible authority.
STRAT-09,Business & Corporate Functions,Corporate Strategy & Executive Leadership,Governance & Enterprise Leadership,Board & governance leadership,Behavioral,"Engage boards and govern the enterprise with accountability, ethics, and fiduciary discipline.",Prepares board materials and tracks governance actions under supervision.,Manages standard board processes and reporting independently with normal review.,Steers complex board dynamics and ambiguous governance questions autonomously.,Defines board operating models and governance practices others adopt; resolves the hardest tensions.,Sets the enterprise governance and board-effectiveness strategy; anticipates governance shifts.,Defines board-governance best practice recognized across the field; externally credible authority.
STRAT-10,Business & Corporate Functions,Corporate Strategy & Executive Leadership,Governance & Enterprise Leadership,Enterprise transformation leadership,Behavioral,"Lead large-scale, cross-enterprise change to reshape the organization's operating model.",Supports transformation tracking and documentation under supervision.,Leads defined transformation workstreams independently with normal review.,"Drives complex, cross-functional transformation through ambiguity and resistance autonomously.",Defines transformation approaches and operating models others adopt; rescues the hardest programs.,Sets the enterprise transformation strategy; anticipates the shifts that make transformation necessary.,Defines transformation-leadership best practice recognized industry-wide; externally cited authority.
BIZ-01,Business & Corporate Functions,Business & Revenue Operations,Operational Excellence,Business operations & process improvement,Behavioral,"Design, run, and continuously improve core business processes for efficiency and quality.","Maps and documents existing process steps under guidance, flagging obvious bottlenecks for review.","Independently runs standard process improvements, gathering data and implementing routine fixes with normal review.","Autonomously redesigns ambiguous, cross-team processes end-to-end and sets the local standard for how work flows.",Defines the improvement methodology others adopt and untangles processes others find intractable.,Sets operational-excellence strategy across the business and anticipates where process capability must head next.,Defines what good operational practice means industry-wide and is sought externally for process expertise.
BIZ-02,Business & Corporate Functions,Business & Revenue Operations,Operational Excellence,Operating model & organization design,Behavioral,"Structure functions, roles, and workflows to align operations with strategy.","Documents current roles, handoffs, and reporting lines under direction for a single team.","Independently designs structure for one function, clarifying routine roles and decision rights with review.","Autonomously designs operating models for ambiguous multi-function areas, resolving overlap and accountability gaps.",Defines org-design approaches others follow and solves structural problems that have stumped leadership.,Sets enterprise operating-model strategy and anticipates structural shifts the organization will need.,Shapes how the discipline conceives operating models and is externally recognized for the craft.
BIZ-03,Business & Corporate Functions,Business & Revenue Operations,Operational Excellence,Cross-functional initiative leadership,Behavioral,Drive complex initiatives spanning multiple functions toward shared operational outcomes.,Coordinates tasks and tracks actions for a small initiative under a lead's guidance.,"Independently runs a defined cross-team initiative, managing routine dependencies and stakeholders with review.","Autonomously leads ambiguous, contentious initiatives spanning many functions to landed outcomes.",Defines how complex initiatives are run here and rescues efforts others cannot move.,Sets the strategy and operating cadence for the organization's most critical cross-functional bets.,Defines industry-leading practice for cross-functional execution and is sought externally to teach it.
BIZ-04,Business & Corporate Functions,Business & Revenue Operations,Revenue & GTM Operations,Revenue operations & go-to-market systems,Technical,"Design and orchestrate end-to-end revenue processes across marketing, sales, and service.","Configures simple GTM workflow and field changes under supervision, following established conventions.",Independently builds and maintains standard revenue workflows and integrations with normal review.,"Autonomously designs end-to-end GTM system architecture across marketing, sales, and success, handling messy edge cases.",Defines the revenue-systems blueprint others adopt and solves integration problems others can't.,Sets RevOps systems strategy and anticipates how the GTM tech stack must evolve.,Defines what good revenue operations looks like for the field and is externally credible on it.
BIZ-05,Business & Corporate Functions,Business & Revenue Operations,Revenue & GTM Operations,Revenue operations analytics,Technical,"Measure pipeline, conversion, and retention to optimize revenue performance and efficiency.","Pulls standard pipeline and funnel reports under guidance, checking figures before sharing.","Independently builds routine revenue analyses and dashboards, explaining trends with normal review.",Autonomously models ambiguous revenue questions end-to-end and becomes the trusted source for GTM numbers.,Defines the analytical frameworks and metric definitions others adopt across revenue teams.,Sets revenue-analytics strategy and anticipates which signals will drive future growth decisions.,Shapes how the discipline measures revenue performance and is recognized externally for the methods.
BIZ-06,Business & Corporate Functions,Business & Revenue Operations,Revenue & GTM Operations,"Pricing, deal & monetization operations",Technical,"Operationalize pricing, quoting, and deal processes to maximize realized revenue.",Processes standard deal desk requests and applies approved discount rules under review.,Independently manages routine pricing approvals and deal structuring within set guardrails.,"Autonomously structures complex, non-standard deals and sets local norms for monetization mechanics.",Defines deal-desk and monetization approaches others follow and cracks pricing problems others can't.,Sets monetization and pricing-operations strategy and anticipates shifts in how value is captured.,Defines leading practice for pricing operations across the field and is sought externally for it.
BIZ-07,Business & Corporate Functions,Business & Revenue Operations,Planning & Performance,Forecasting & planning operations,Technical,"Run cyclical forecasting and planning processes to align targets, capacity, and resources.",Updates forecast inputs and assembles planning templates under guidance.,"Independently produces standard forecasts and plans, reconciling routine variances with review.",Autonomously builds forecasting models for ambiguous situations and owns the planning cadence end-to-end.,Defines the forecasting methodology others adopt and resolves planning problems others cannot.,Sets enterprise planning strategy and anticipates the dynamics future forecasts must capture.,Defines best-in-class forecasting practice for the discipline and is externally recognized for it.
BIZ-08,Business & Corporate Functions,Business & Revenue Operations,Planning & Performance,Operational analytics & business intelligence,Technical,Turn operational data into reporting and insight that drives business decisions.,Builds basic reports and dashboards from defined requirements under supervision.,Independently delivers standard BI analyses and self-serve dashboards with normal review.,Autonomously frames ambiguous business questions and builds the analytics the organization relies on.,"Defines BI standards, semantic models, and methods others adopt across the business.",Sets the operational-analytics strategy and anticipates the decisions data must soon support.,Shapes how the discipline practices business intelligence and is externally credible on it.
BIZ-09,Business & Corporate Functions,Business & Revenue Operations,Data & Systems Operations,Operational data governance & quality,Technical,"Steward the integrity, definitions, and quality of operational data across systems.","Performs defined data cleanup and quality checks under guidance, escalating anomalies.",Independently maintains data standards and resolves routine quality issues with review.,"Autonomously designs governance and quality controls for ambiguous, messy data domains.",Defines the governance framework others adopt and remediates data problems others can't.,Sets enterprise data-governance strategy and anticipates emerging quality and stewardship needs.,Defines what good operational data governance means for the field and is externally recognized.
BIZ-10,Business & Corporate Functions,Business & Revenue Operations,Data & Systems Operations,Business systems & workflow administration,Technical,Configure and maintain business systems and automated workflows that run operations.,Performs routine system configuration and user support tasks under supervision.,Independently administers business systems and builds standard workflows with normal review.,"Autonomously designs complex automations and system configurations, handling tricky edge cases.",Defines administration standards and architecture others adopt and fixes what others cannot.,Sets business-systems strategy and anticipates how the workflow platform landscape must evolve.,Defines leading practice for business-systems administration and is sought externally for it.
PPM-01,Business & Corporate Functions,Program & Portfolio Management,Portfolio Governance,Portfolio prioritization & governance,Behavioral,"Select, sequence, and govern the enterprise portfolio to align investment with strategy.",Maintains the portfolio inventory and prepares governance materials under direction.,Independently runs routine intake and prioritization scoring within an established framework.,Autonomously facilitates contentious prioritization and sets local governance standards across the portfolio.,Defines the prioritization and governance model others adopt and resolves the toughest trade-offs.,Sets enterprise portfolio-governance strategy and anticipates shifts in investment priorities.,Defines best-practice portfolio governance for the discipline and is externally recognized for it.
PPM-02,Business & Corporate Functions,Program & Portfolio Management,Portfolio Governance,Benefits realization & value tracking,Technical,"Define, track, and verify the benefits and value delivered by portfolio investments.",Records benefit measures and tracks realization against plan under guidance.,"Independently monitors benefits and reports realization, flagging routine shortfalls with review.",Autonomously defines value cases for ambiguous initiatives and owns realization tracking end-to-end.,Defines the benefits-realization methodology others adopt and salvages value others miss.,Sets enterprise value-tracking strategy and anticipates how benefits should be measured next.,Defines leading benefits-realization practice for the field and is sought externally for it.
PPM-03,Business & Corporate Functions,Program & Portfolio Management,Portfolio Governance,Portfolio reporting & performance analytics,Technical,"Aggregate portfolio health, progress, and risk into insight for executive decisions.",Compiles status data into standard portfolio reports under supervision.,Independently produces routine portfolio dashboards and performance summaries with review.,Autonomously builds analytics that surface portfolio risks and becomes the trusted reporting source.,Defines portfolio-reporting standards and metrics others adopt across programs.,Sets portfolio-analytics strategy and anticipates the signals leadership will need to steer.,Shapes how the discipline reports portfolio performance and is externally credible on it.
PPM-04,Business & Corporate Functions,Program & Portfolio Management,Program Delivery,Program & dependency management (enterprise),Behavioral,Coordinate interrelated programs and cross-program dependencies toward strategic outcomes.,Tracks program tasks and logs cross-team dependencies under a manager's direction.,"Independently runs a defined program, managing routine dependencies and milestones with review.","Autonomously orchestrates large enterprise programs, resolving tangled cross-program dependencies.",Defines how enterprise programs are run here and untangles dependency knots others can't.,Sets enterprise program-management strategy and anticipates systemic delivery constraints.,Defines best-in-class enterprise program management and is externally recognized for it.
PPM-05,Business & Corporate Functions,Program & Portfolio Management,Program Delivery,Project delivery methods & standards,Technical,"Establish and steward delivery methodologies, standards, and practices across the enterprise.",Applies prescribed delivery methods and templates to tasks under guidance.,Independently delivers standard projects using established methods with normal review.,Autonomously tailors delivery methods to ambiguous projects and sets the local standard.,Defines the delivery methodology and standards others across teams adopt.,Sets the organization's delivery-method strategy and anticipates where practice must evolve.,Defines what good delivery practice means for the discipline and is externally credible.
PPM-06,Business & Corporate Functions,Program & Portfolio Management,Program Delivery,"Program risk, issue & quality assurance",Technical,Assure program quality and manage risks and issues across the delivery portfolio.,Logs risks and issues and updates the register under guidance.,"Independently manages routine risks, issues, and QA reviews with normal oversight.","Autonomously runs risk and assurance for complex programs, surfacing what others overlook.",Defines the risk and quality-assurance approach others adopt and resolves systemic exposures.,Sets enterprise program-assurance strategy and anticipates emerging delivery risks.,Defines leading program-assurance practice for the field and is sought externally for it.
PPM-07,Business & Corporate Functions,Program & Portfolio Management,Resource & Financial Control,Resource & capacity management (portfolio),Technical,Balance demand against people and capacity across the portfolio to optimize throughput.,Updates resource allocations and availability data under direction.,Independently manages routine resourcing and capacity plans across a few programs with review.,"Autonomously balances contended capacity across the portfolio, resolving conflicts and bottlenecks.",Defines the capacity-planning approach others adopt and solves the hardest allocation trade-offs.,Sets portfolio resource strategy and anticipates future capacity and skills constraints.,Defines best-practice portfolio capacity management and is externally recognized for it.
PPM-08,Business & Corporate Functions,Program & Portfolio Management,Resource & Financial Control,Program financial management & cost control,Technical,"Plan, track, and control program budgets, costs, and financial performance to baseline.",Records program costs and updates budget trackers under supervision.,"Independently manages a program budget, tracking spend and routine variances with review.","Autonomously controls complex program finances, forecasting and resolving ambiguous cost issues.",Defines program financial-control practices others adopt and recovers troubled budgets others can't.,Sets enterprise program-finance strategy and anticipates cost and funding pressures ahead.,Defines leading program financial-management practice and is sought externally for it.
SCM-01,Business & Corporate Functions,Operations & Supply Chain,Planning & Demand,Demand planning & forecasting,Technical,"Predict demand using historical, market, and statistical signals to drive supply decisions.",Maintains demand data and runs standard forecast updates under guidance.,Independently produces routine demand forecasts and adjusts for known seasonality with review.,"Autonomously forecasts volatile, ambiguous demand and owns the forecasting process end-to-end.",Defines the demand-planning methodology others adopt and forecasts what others can't model.,Sets demand-planning strategy and anticipates shifts in market and demand signals.,Defines best-in-class demand planning for the discipline and is externally recognized for it.
SCM-02,Business & Corporate Functions,Operations & Supply Chain,Planning & Demand,Supply & capacity planning,Technical,"Balance supply, capacity, and constraints against demand to create executable plans.",Updates supply and capacity plans from given inputs under supervision.,"Independently builds routine supply plans, balancing standard constraints with review.","Autonomously plans supply under ambiguous constraints, resolving shortages and bottlenecks.",Defines the supply-planning approach others adopt and solves constraint problems others can't.,Sets supply and capacity strategy and anticipates structural capacity needs ahead.,Defines leading supply-planning practice for the field and is sought externally for it.
SCM-03,Business & Corporate Functions,Operations & Supply Chain,Planning & Demand,Sales & operations planning,Behavioral,"Align commercial, financial, and operational plans through cross-functional consensus.",Prepares S&OP inputs and meeting materials under direction.,"Independently runs routine S&OP cycles, reconciling standard supply-demand gaps with review.","Autonomously facilitates contentious S&OP, balancing trade-offs across functions to consensus.",Defines the S&OP process others adopt and reconciles imbalances others cannot.,Sets enterprise S&OP strategy and anticipates the integrated-planning capabilities needed next.,Defines best-practice sales and operations planning and is externally recognized for it.
SCM-04,Business & Corporate Functions,Operations & Supply Chain,Planning & Demand,Supply chain network design,Technical,"Model and optimize facility and route structure to balance cost, service, and risk.",Gathers network data and runs predefined scenario models under guidance.,Independently models standard network changes and evaluates routine trade-offs with review.,"Autonomously designs network configurations for ambiguous, multi-constraint problems end-to-end.",Defines network-design methods others adopt and solves optimization problems others can't.,Sets supply-chain network strategy and anticipates how the footprint must evolve.,Defines leading network-design practice for the discipline and is externally credible on it.
SCM-05,Business & Corporate Functions,Operations & Supply Chain,Inventory & Materials,Inventory & materials management,Technical,"Plan, position, and control stock and material flows to meet service targets at optimal cost.",Records stock movements and performs counts under supervision.,Independently manages routine inventory levels and replenishment with normal review.,Autonomously optimizes inventory policy under ambiguous demand and supply variability.,Defines inventory-management methods others adopt and resolves chronic stock problems others can't.,Sets inventory strategy and anticipates how stocking and materials needs will shift.,Defines best-practice inventory management for the field and is externally recognized for it.
SCM-06,Business & Corporate Functions,Operations & Supply Chain,Inventory & Materials,Warehousing & storage operations,Technical,"Manage receiving, storage, picking, and handling for accuracy, safety, and throughput.","Performs defined put-away, picking, and storage tasks under supervision.",Independently runs routine warehouse operations and standard slotting with review.,"Autonomously optimizes warehouse flow and layout under ambiguous, high-variability conditions.",Defines warehousing methods and layouts others adopt and fixes operations others can't.,Sets warehousing strategy and anticipates future storage and throughput requirements.,Defines leading warehousing practice for the discipline and is sought externally for it.
SCM-07,Business & Corporate Functions,Operations & Supply Chain,Manufacturing & Production,Manufacturing & production operations,Technical,"Convert inputs into finished goods through planned, controlled, efficient production.",Performs defined production tasks and records output under supervision.,"Independently runs standard production lines, handling routine variation with review.","Autonomously manages complex production with ambiguous disruptions, holding output and quality.",Defines production-operations methods others adopt and resolves problems others can't.,Sets manufacturing-operations strategy and anticipates how production capability must evolve.,Defines best-in-class manufacturing operations and is externally recognized for it.
SCM-08,Business & Corporate Functions,Operations & Supply Chain,Manufacturing & Production,Production scheduling & shop-floor control,Technical,"Sequence, schedule, and monitor production to optimize throughput and on-time output.",Updates schedules and logs shop-floor status from given inputs under guidance.,Independently builds routine production schedules and manages standard sequencing with review.,"Autonomously schedules under volatile constraints, rebalancing the floor to hold commitments.",Defines scheduling and control methods others adopt and resolves the hardest sequencing problems.,Sets shop-floor scheduling strategy and anticipates how control systems must evolve.,Defines leading production-scheduling practice for the field and is sought externally for it.
SCM-09,Business & Corporate Functions,Operations & Supply Chain,Manufacturing & Production,Asset & maintenance management,Technical,Sustain reliability of physical assets through preventive and corrective maintenance.,Records asset data and completes scheduled maintenance tasks under supervision.,Independently runs routine preventive maintenance and work orders with review.,Autonomously diagnoses ambiguous failures and optimizes maintenance strategy for critical assets.,Defines maintenance and reliability methods others adopt and solves failures others can't.,Sets asset-management strategy and anticipates lifecycle and reliability needs ahead.,Defines best-practice asset and reliability management and is externally recognized for it.
SCM-10,Business & Corporate Functions,Operations & Supply Chain,Manufacturing & Production,Quality management & control,Technical,"Define, inspect, and assure that products and processes meet quality standards.",Performs defined inspections and records quality results under supervision.,Independently runs routine quality controls and investigates standard defects with review.,Autonomously diagnoses ambiguous quality issues and sets local control standards end-to-end.,Defines the quality-management system others adopt and resolves root causes others can't.,Sets enterprise quality strategy and anticipates emerging quality and compliance demands.,Defines what good quality management means for the discipline and is externally credible.
SCM-11,Business & Corporate Functions,Operations & Supply Chain,Logistics & Fulfillment,Logistics & distribution management,Technical,Plan and execute movement and delivery of goods across transport modes and channels.,Schedules routine shipments and tracks deliveries under guidance.,Independently manages standard freight and distribution lanes with normal review.,Autonomously optimizes complex distribution under ambiguous disruptions and cost pressures.,Defines logistics methods and carrier strategy others adopt and resolves problems others can't.,Sets distribution strategy and anticipates how logistics networks must evolve.,Defines leading logistics practice for the discipline and is externally recognized for it.
SCM-12,Business & Corporate Functions,Operations & Supply Chain,Logistics & Fulfillment,Order management & fulfillment,Technical,"Process, allocate, and fulfill orders accurately from capture through delivery and returns.",Processes standard orders and resolves routine exceptions under supervision.,Independently manages order flow and standard fulfillment issues with review.,Autonomously orchestrates complex multi-source fulfillment and resolves ambiguous exceptions.,Defines order-management practices others adopt and fixes fulfillment breakdowns others can't.,Sets fulfillment strategy and anticipates how order orchestration must evolve.,Defines best-practice order management and fulfillment and is sought externally for it.
SCM-13,Business & Corporate Functions,Operations & Supply Chain,Logistics & Fulfillment,Reverse logistics & returns management,Technical,"Manage returns, repairs, recycling, and disposal flows to recover value and reduce waste.",Processes standard returns and records dispositions under guidance.,Independently manages routine returns flows and standard disposition rules with review.,"Autonomously designs returns and recovery processes for ambiguous, high-volume situations.",Defines reverse-logistics methods others adopt and recovers value others can't.,Sets returns and circularity strategy and anticipates evolving recovery demands.,Defines leading reverse-logistics practice for the field and is externally recognized for it.
SCM-14,Business & Corporate Functions,Operations & Supply Chain,Service Operations,Service delivery operations,Technical,"Plan, deliver, and control execution of services to meet scope, quality, and timeliness.",Executes defined service tasks and logs outcomes under supervision.,"Independently runs standard service delivery, meeting routine SLAs with review.","Autonomously manages complex service operations, holding performance under ambiguous demand.",Defines service-delivery methods others adopt and resolves operational failures others can't.,Sets service-operations strategy and anticipates how service capability must evolve.,Defines best-in-class service delivery for the discipline and is externally credible on it.
SCM-15,Business & Corporate Functions,Operations & Supply Chain,Service Operations,Field operations & dispatch coordination,Behavioral,"Coordinate dispatch, routing, and on-site service to meet commitments and customer needs.",Assigns routine jobs and updates dispatch status under guidance.,Independently coordinates standard field schedules and routing with normal review.,"Autonomously optimizes dispatch under volatile demand, resolving conflicts and emergencies.",Defines field-coordination methods others adopt and solves dispatch problems others can't.,Sets field-operations strategy and anticipates how dispatch and routing must evolve.,Defines leading field-operations practice for the field and is sought externally for it.
CIT-01,Business & Corporate Functions,Corporate IT & Workplace Technology,Service Management & Support,IT service management & service desk,Technical,"Operate request, incident, and problem management to restore and sustain employee IT services.","Logs and triages incoming tickets using set scripts, escalating anything beyond well-defined fixes.","Resolves standard incidents and service requests independently within SLA, escalating only genuine edge cases.","Owns ambiguous and high-impact incidents end-to-end, sets local triage and escalation conventions.","Designs the ticket taxonomy, SLA tiers, and queue-routing model that other support staff adopt.",Sets the service-management strategy and metrics framework across the organization's support function.,Defines what good service management looks like for the discipline and shapes external practice.
CIT-02,Business & Corporate Functions,Corporate IT & Workplace Technology,Service Management & Support,Change & release management,Technical,Govern controlled introduction of changes to enterprise systems to minimize disruption.,"Prepares change records and gathers approvals for low-risk, pre-templated changes under review.","Plans and executes standard changes independently, writing usable rollback steps and impact notes.","Owns risky, multi-team changes, judges risk and ambiguity, and is the go-to change coordinator.","Designs the change-control and release process, risk-tiering, and CAB model others follow.",Sets release-governance strategy balancing change velocity and stability across the organization.,Defines industry-credible release-management practice and influences how the discipline operates.
CIT-03,Business & Corporate Functions,Corporate IT & Workplace Technology,Service Management & Support,End-user support & enablement,Behavioral,Resolve user issues and build employee proficiency with workplace technology.,"Handles common how-to questions and walk-throughs at the desk, escalating unfamiliar issues.",Resolves most end-user problems independently and produces clear self-help guidance for users.,Tackles the hardest user-enablement cases and sets local standards for guidance and onboarding.,"Designs the enablement program, training curriculum, and support model others deliver against.","Sets the organization's strategy for user adoption, digital literacy, and support experience.",Defines best-practice end-user enablement for the field and shapes how others teach it.
CIT-04,Business & Corporate Functions,Corporate IT & Workplace Technology,Endpoint & Workplace,Endpoint & device management,Technical,"Provision, configure, secure, and maintain employee devices across their lifecycle.","Enrolls, images, and configures devices following documented build steps under supervision.","Manages device fleets, policies, and patching independently for standard configurations.","Resolves complex endpoint, compliance, and policy issues; sets local device-management standards.","Designs the endpoint architecture, policy baseline, and lifecycle model others implement.","Sets endpoint strategy across platforms, anticipating shifts in management and security posture.",Defines authoritative endpoint-management practice and influences the discipline externally.
CIT-05,Business & Corporate Functions,Corporate IT & Workplace Technology,Endpoint & Workplace,Collaboration & productivity platform management,Technical,"Administer messaging, document, and collaboration environments for employees.","Configures user accounts, groups, and shared spaces in the platform following set procedures.","Administers collaboration services independently, handling routine config, permissions, and issues.","Resolves complex platform, governance, and integration problems; sets local configuration standards.","Designs the platform architecture, governance, and adoption model that administrators follow.",Sets the organization's collaboration-platform strategy and roadmap across the workplace estate.,Defines leading collaboration-platform practice and shapes how the discipline is run elsewhere.
CIT-06,Business & Corporate Functions,Corporate IT & Workplace Technology,Enterprise Applications,Enterprise application administration,Technical,"Configure, maintain, and support shared business applications across corporate functions.",Performs routine application config and user-provisioning tasks under guidance and review.,"Administers an enterprise application independently, handling standard config and support tasks.","Resolves complex configuration, upgrade, and data issues; is the go-to admin for the application.","Designs the application's configuration baseline, upgrade approach, and governance others adopt.",Sets the administration strategy and standards across the enterprise application portfolio.,Defines authoritative enterprise-application administration practice recognized beyond the organization.
CIT-07,Business & Corporate Functions,Corporate IT & Workplace Technology,Enterprise Applications,Business systems integration & automation,Technical,Connect enterprise systems and automate workflows to streamline business processes.,"Builds simple, pre-specified integrations or automations from templates under review.",Develops standard integrations and automated workflows independently with normal testing and review.,"Designs complex, multi-system integrations and resolves the hardest data and reliability problems.","Defines the integration patterns, automation framework, and standards other builders adopt.",Sets the organization's integration and automation strategy across business systems.,Defines best-practice systems integration and automation and influences the broader discipline.
CIT-08,Business & Corporate Functions,Corporate IT & Workplace Technology,Identity & Asset Governance,Identity & access administration (internal),Technical,"Manage employee identities, accounts, and access rights across enterprise systems per policy.",Provisions accounts and applies access requests following defined approval workflows under review.,"Manages identities, groups, and access independently, handling standard joiner-mover-leaver flows.","Resolves complex access, entitlement, and recertification issues; sets local identity standards.","Designs the access model, role structure, and provisioning approach others implement.","Sets identity-and-access strategy, including governance and least-privilege posture, organization-wide.",Defines authoritative internal identity-administration practice and shapes the discipline externally.
CIT-09,Business & Corporate Functions,Corporate IT & Workplace Technology,Identity & Asset Governance,IT asset & license management,Technical,"Track and optimize IT hardware, software, and license inventories across lifecycle and cost.",Records assets and license entitlements in the register following documented procedures.,"Maintains asset and license data independently, tracking lifecycle and reconciling routine discrepancies.",Resolves complex license-compliance and asset-optimization issues; sets local asset standards.,Designs the asset-lifecycle and license-management model and controls others adopt.,"Sets asset-and-license strategy, optimizing cost and compliance across the organization.",Defines best-practice asset and license management and influences how the discipline operates.
CIT-10,Business & Corporate Functions,Corporate IT & Workplace Technology,Infrastructure & Operations,Enterprise infrastructure operations,Technical,"Operate and maintain corporate compute, storage, and network for reliable internal services.",Performs routine infrastructure monitoring and maintenance tasks following runbooks under supervision.,"Operates and maintains infrastructure services independently, handling standard incidents and changes.",Resolves complex outages and capacity issues; sets local operational standards and is the go-to operator.,"Designs the operational architecture, resilience approach, and runbook standards others follow.","Sets infrastructure-operations strategy, anticipating capacity, resilience, and platform shifts.",Defines authoritative infrastructure-operations practice and shapes the discipline beyond the organization.
